symbol,name,country,index,sector,currency,exchange
360.AX,Life360,Australia,S&P/ASX 200,Information Technology,,
4DX.AX,4DMedical,Australia,S&P/ASX 200,Healthcare,,
A2M.AX,a2 Milk Company,Australia,S&P/ASX 200,Consumer Staples,,
AAI.AX,Alcoa,Australia,S&P/ASX 200,Materials,,
AFI.AX,Australian Foundation Investment Company,Australia,S&P/ASX 200,Financials,,
AGL.AX,AGL Energy,Australia,S&P/ASX 200,Utilities,,
AIA.AX,Auckland International Airport Limited,Australia,S&P/ASX 200,Industrials,,
ALD.AX,Ampol,Australia,S&P/ASX 200,Energy,,
ALK.AX,Alkane Resources,Australia,S&P/ASX 200,Materials,,
ALL.AX,Aristocrat Leisure,Australia,S&P/ASX 200,Consumer Discretionary,,
ALQ.AX,ALS,Australia,S&P/ASX 200,Industrials,,
ALX.AX,Atlas Arteria,Australia,S&P/ASX 200,Industrials,,
AMC.AX,Amcor,Australia,S&P/ASX 200,Materials,,
AMP.AX,AMP,Australia,S&P/ASX 200,Financials,,
ANN.AX,Ansell,Australia,S&P/ASX 200,Healthcare,,
ANZ.AX,Australia & New Zealand Banking Group,Australia,S&P/ASX 200,Financials,,
APA.AX,APA Group,Australia,S&P/ASX 200,Utilities,,
APE.AX,Eagers Automotive,Australia,S&P/ASX 200,Consumer Discretionary,,
ARB.AX,ARB Corporation,Australia,S&P/ASX 200,Consumer Discretionary,,
ARG.AX,Argo Investments,Australia,S&P/ASX 200,Financials,,
ASB.AX,Austal,Australia,S&P/ASX 200,Industrials,,
ASK.AX,Abacus Storage King,Australia,S&P/ASX 200,Real Estate,,
ASX.AX,ASX,Australia,S&P/ASX 200,Financials,,
AUB.AX,AUB Group,Australia,S&P/ASX 200,Financials,,
AZJ.AX,Aurizon,Australia,S&P/ASX 200,Industrials,,
BEN.AX,Bendigo & Adelaide Bank,Australia,S&P/ASX 200,Financials,,
BFL.AX,BSP Financial Group,Australia,S&P/ASX 200,Financials,,
BGA.AX,Bega Cheese,Australia,S&P/ASX 200,Consumer Staples,,
BGL.AX,Bellevue Gold,Australia,S&P/ASX 200,Materials,,
BHP.AX,BHP,Australia,S&P/ASX 200,Materials,,
BOQ.AX,Bank of Queensland,Australia,S&P/ASX 200,Financials,,
BPT.AX,Beach Energy,Australia,S&P/ASX 200,Energy,,
BRG.AX,Breville Group,Australia,S&P/ASX 200,Consumer Discretionary,,
BSL.AX,BlueScope,Australia,S&P/ASX 200,Materials,,
BWP.AX,BWP Trust,Australia,S&P/ASX 200,Real Estate,,
BXB.AX,Brambles,Australia,S&P/ASX 200,Industrials,,
CAR.AX,CAR Group,Australia,S&P/ASX 200,Communication Services,,
CBA.AX,Commonwealth Bank,Australia,S&P/ASX 200,Financials,,
CDA.AX,Codan,Australia,S&P/ASX 200,Information Technology,,
CEN.AX,Contact Energy,Australia,S&P/ASX 200,Utilities,,
CGF.AX,Challenger,Australia,S&P/ASX 200,Financials,,
CHC.AX,Charter Hall,Australia,S&P/ASX 200,Real Estate,,
CIA.AX,Champion Iron,Australia,S&P/ASX 200,Materials,,
CIP.AX,Centuria Industrial REIT,Australia,S&P/ASX 200,Real Estate,,
CLW.AX,Charter Hall Long WALE REIT,Australia,S&P/ASX 200,Real Estate,,
CMM.AX,Capricorn Metals,Australia,S&P/ASX 200,Materials,,
CNU.AX,Chorus,Australia,S&P/ASX 200,Communication Services,,
COH.AX,Cochlear,Australia,S&P/ASX 200,Healthcare,,
COL.AX,Coles Group,Australia,S&P/ASX 200,Consumer Staples,,
CPU.AX,Computershare,Australia,S&P/ASX 200,Information Technology,,
CQR.AX,Charter Hall Retail REIT,Australia,S&P/ASX 200,Real Estate,,
CSC.AX,Capstone Copper,Australia,S&P/ASX 200,Materials,,
CSL.AX,CSL,Australia,S&P/ASX 200,Healthcare,,
CTD.AX,Corporate Travel Management,Australia,S&P/ASX 200,Consumer Discretionary,,
CWY.AX,Cleanaway,Australia,S&P/ASX 200,Industrials,,
CYL.AX,Catalyst Metals,Australia,S&P/ASX 200,Materials,,
DBI.AX,Dalrymple Bay Infrastructure,Australia,S&P/ASX 200,Industrials,,
DNL.AX,Dyno Nobel,Australia,S&P/ASX 200,Materials,,
DOW.AX,Downer Group,Australia,S&P/ASX 200,Industrials,,
DRO.AX,Droneshield,Australia,S&P/ASX 200,Industrials,,
DRR.AX,Deterra Royalties,Australia,S&P/ASX 200,Materials,,
DXS.AX,Dexus,Australia,S&P/ASX 200,Real Estate,,
DYL.AX,Deep Yellow,Australia,S&P/ASX 200,Energy,,
EBO.AX,EBOS Group,Australia,S&P/ASX 200,Healthcare,,
EDV.AX,Endeavour Group,Australia,S&P/ASX 200,Consumer Staples,,
EMR.AX,Emerald Resources,Australia,S&P/ASX 200,Materials,,
EOS.AX,Electro Optic Systems Holdings,Australia,S&P/ASX 200,Industrials,,
EVN.AX,Evolution Mining,Australia,S&P/ASX 200,Materials,,
EVT.AX,EVT,Australia,S&P/ASX 200,Communication Services,,
FBU.AX,Fletcher Building,Australia,S&P/ASX 200,Industrials,,
FLT.AX,Flight Centre Travel Group,Australia,S&P/ASX 200,Consumer Discretionary,,
FMG.AX,Fortescue,Australia,S&P/ASX 200,Materials,,
FPH.AX,Fisher & Paykel Healthcare,Australia,S&P/ASX 200,Healthcare,,
FRW.AX,Freightways Group,Australia,S&P/ASX 200,Industrials,,
GDG.AX,Generation Development Group,Australia,S&P/ASX 200,Financials,,
GGP.AX,Greatland Resources,Australia,S&P/ASX 200,Materials,,
GMD.AX,Genesis Minerals,Australia,S&P/ASX 200,Materials,,
GMG.AX,Goodman Group,Australia,S&P/ASX 200,Real Estate,,
GNE.AX,Genesis Energy,Australia,S&P/ASX 200,Utilities,,
GPT.AX,GPT Group,Australia,S&P/ASX 200,Real Estate,,
GQG.AX,GQG Partners,Australia,S&P/ASX 200,Financials,,
HDN.AX,HomeCo Daily Needs REIT,Australia,S&P/ASX 200,Real Estate,,
HUB.AX,HUB24,Australia,S&P/ASX 200,Financials,,
HVN.AX,Harvey Norman,Australia,S&P/ASX 200,Consumer Discretionary,,
IAG.AX,Insurance Australia Group,Australia,S&P/ASX 200,Financials,,
IFL.AX,Insignia Financial,Australia,S&P/ASX 200,Financials,,
IFT.AX,Infratil,Australia,S&P/ASX 200,Financials,,
IGO.AX,IGO,Australia,S&P/ASX 200,Materials,,
ILU.AX,Iluka Resources,Australia,S&P/ASX 200,Materials,,
IMD.AX,IMDEX,Australia,S&P/ASX 200,Materials,,
JBH.AX,JB Hi-Fi,Australia,S&P/ASX 200,Consumer Discretionary,,
JHX.AX,James Hardie,Australia,S&P/ASX 200,Materials,,
L1G.AX,L1 Group,Australia,S&P/ASX 200,Financials,,
LLC.AX,Lendlease,Australia,S&P/ASX 200,Real Estate,,
LNW.AX,Light & Wonder,Australia,S&P/ASX 200,Consumer Discretionary,,
LOV.AX,Lovisa,Australia,S&P/ASX 200,Consumer Discretionary,,
LSF.AX,L1 Long Short Fund,Australia,S&P/ASX 200,Financials,,
LTR.AX,Liontown Resources,Australia,S&P/ASX 200,Materials,,
LYC.AX,Lynas Rare Earths,Australia,S&P/ASX 200,Materials,,
MCY.AX,Mercury NZ,Australia,S&P/ASX 200,Utilities,,
MEZ.AX,Meridian Energy,Australia,S&P/ASX 200,Utilities,,
MFF.AX,MFF Capital Investments,Australia,S&P/ASX 200,Financials,,
MFG.AX,Magellan Financial Group,Australia,S&P/ASX 200,Financials,,
MGR.AX,Mirvac,Australia,S&P/ASX 200,Real Estate,,
MIN.AX,Mineral Resources,Australia,S&P/ASX 200,Materials,,
MND.AX,Monadelphous Group,Australia,S&P/ASX 200,Industrials,,
MPL.AX,Medibank,Australia,S&P/ASX 200,Financials,,
MQG.AX,Macquarie Group,Australia,S&P/ASX 200,Financials,,
MSB.AX,Mesoblast,Australia,S&P/ASX 200,Healthcare,,
MTS.AX,Metcash,Australia,S&P/ASX 200,Consumer Staples,,
MXT.AX,Metrics Master Income Trust,Australia,S&P/ASX 200,Financials,,
NAB.AX,National Australia Bank,Australia,S&P/ASX 200,Financials,,
NEM.AX,Newmont,Australia,S&P/ASX 200,Materials,,
NHC.AX,New Hope,Australia,S&P/ASX 200,Energy,,
NHF.AX,Nib,Australia,S&P/ASX 200,Financials,,
NIC.AX,Nickel Industries,Australia,S&P/ASX 200,Materials,,
NSR.AX,National Storage,Australia,S&P/ASX 200,Real Estate,,
NST.AX,Northern Star Resources,Australia,S&P/ASX 200,Materials,,
NWH.AX,NRW Holdings,Australia,S&P/ASX 200,Industrials,,
NWL.AX,Netwealth Group,Australia,S&P/ASX 200,Financials,,
NWS.AX,News Corp Class B,Australia,S&P/ASX 200,Communication Services,,
NXG.AX,Nexgen Energy,Australia,S&P/ASX 200,Energy,,
NXT.AX,NextDC,Australia,S&P/ASX 200,Information Technology,,
OBM.AX,Ora Banda Mining,Australia,S&P/ASX 200,Materials,,
ORA.AX,Orora,Australia,S&P/ASX 200,Materials,,
ORG.AX,Origin Energy,Australia,S&P/ASX 200,Utilities,,
ORI.AX,Orica,Australia,S&P/ASX 200,Materials,,
PDI.AX,Predictive Discovery,Australia,S&P/ASX 200,Materials,,
PDN.AX,Paladin Energy,Australia,S&P/ASX 200,Energy,,
PLS.AX,PLS Group,Australia,S&P/ASX 200,Materials,,
PME.AX,Pro Medicus,Australia,S&P/ASX 200,Healthcare,,
PMV.AX,Premier Investments,Australia,S&P/ASX 200,Consumer Discretionary,,
PNI.AX,Pinnacle Investment Management,Australia,S&P/ASX 200,Financials,,
PPT.AX,Perpetual,Australia,S&P/ASX 200,Financials,,
PRN.AX,Perenti,Australia,S&P/ASX 200,Materials,,
PRU.AX,Perseus Mining,Australia,S&P/ASX 200,Materials,,
PXA.AX,Pexa Group,Australia,S&P/ASX 200,Real Estate,,
QAN.AX,Qantas,Australia,S&P/ASX 200,Industrials,,
QBE.AX,QBE Insurance,Australia,S&P/ASX 200,Financials,,
QUB.AX,Qube Holdings,Australia,S&P/ASX 200,Industrials,,
RDX.AX,Redox,Australia,S&P/ASX 200,Industrials,,
REA.AX,REA Group,Australia,S&P/ASX 200,Communication Services,,
REG.AX,Regis Healthcare,Australia,S&P/ASX 200,Healthcare,,
REH.AX,Reece Group,Australia,S&P/ASX 200,Industrials,,
RGN.AX,Region Group,Australia,S&P/ASX 200,Real Estate,,
RHC.AX,Ramsay Health Care,Australia,S&P/ASX 200,Healthcare,,
RIO.AX,Rio Tinto,Australia,S&P/ASX 200,Materials,,
RMD.AX,ResMed,Australia,S&P/ASX 200,Healthcare,,
RMS.AX,Ramelius Resources,Australia,S&P/ASX 200,Materials,,
RRL.AX,Regis Resources,Australia,S&P/ASX 200,Materials,,
RSG.AX,Resolute Mining,Australia,S&P/ASX 200,Materials,,
RWC.AX,Reliance Worldwide Corporation,Australia,S&P/ASX 200,Industrials,,
RYM.AX,Ryman Healthcare,Australia,S&P/ASX 200,Healthcare,,
S32.AX,South32,Australia,S&P/ASX 200,Materials,,
SCG.AX,Scentre Group,Australia,S&P/ASX 200,Real Estate,,
SDF.AX,Steadfast Group,Australia,S&P/ASX 200,Financials,,
SEK.AX,Seek,Australia,S&P/ASX 200,Communication Services,,
SFR.AX,Sandfire Resources,Australia,S&P/ASX 200,Materials,,
SGH.AX,SGH,Australia,S&P/ASX 200,Industrials,,
SGM.AX,Sims Metal,Australia,S&P/ASX 200,Materials,,
SGP.AX,Stockland,Australia,S&P/ASX 200,Real Estate,,
SHL.AX,Sonic Healthcare,Australia,S&P/ASX 200,Healthcare,,
SIG.AX,Sigma Healthcare,Australia,S&P/ASX 200,Healthcare,,
SMR.AX,Stanmore Resources,Australia,S&P/ASX 200,Materials,,
SNZ.AX,Summerset Group Holdings,Australia,S&P/ASX 200,Healthcare,,
SOL.AX,Soul Patts,Australia,S&P/ASX 200,Financials,,
SPK.AX,Spark New Zealand,Australia,S&P/ASX 200,Communication Services,,
STO.AX,Santos,Australia,S&P/ASX 200,Energy,,
SUL.AX,Super Retail Group,Australia,S&P/ASX 200,Consumer Discretionary,,
SUN.AX,Suncorp,Australia,S&P/ASX 200,Financials,,
TAH.AX,Tabcorp,Australia,S&P/ASX 200,Consumer Discretionary,,
TCL.AX,Transurban,Australia,S&P/ASX 200,Industrials,,
TLC.AX,The Lottery Corporation,Australia,S&P/ASX 200,Consumer Discretionary,,
TLS.AX,Telstra,Australia,S&P/ASX 200,Communication Services,,
TLX.AX,Telix Pharmaceuticals,Australia,S&P/ASX 200,Healthcare,,
TNE.AX,TechnologyOne,Australia,S&P/ASX 200,Information Technology,,
TPG.AX,TPG Telecom,Australia,S&P/ASX 200,Communication Services,,
TUA.AX,Tuas,Australia,S&P/ASX 200,Communication Services,,
TWE.AX,Treasury Wine Estates,Australia,S&P/ASX 200,Consumer Staples,,
VAU.AX,Vault Minerals,Australia,S&P/ASX 200,Materials,,
VCX.AX,Vicinity Centres,Australia,S&P/ASX 200,Real Estate,,
VEA.AX,Viva Energy,Australia,S&P/ASX 200,Energy,,
VGN.AX,Virgin Australia Holdings,Australia,S&P/ASX 200,Industrials,,
VNT.AX,Ventia Services Group,Australia,S&P/ASX 200,Industrials,,
WAF.AX,West African Resources,Australia,S&P/ASX 200,Materials,,
WAM.AX,WAM Capital,Australia,S&P/ASX 200,Financials,,
WBC.AX,Westpac,Australia,S&P/ASX 200,Financials,,
WDS.AX,Woodside Energy Group,Australia,S&P/ASX 200,Energy,,
WES.AX,Wesfarmers,Australia,S&P/ASX 200,Consumer Discretionary,,
WGX.AX,Westgold Resources,Australia,S&P/ASX 200,Materials,,
WHC.AX,Whitehaven Coal,Australia,S&P/ASX 200,Energy,,
WLE.AX,WAM Leaders,Australia,S&P/ASX 200,Financials,,
WOR.AX,Worley,Australia,S&P/ASX 200,Energy,,
WOW.AX,Woolworths Group,Australia,S&P/ASX 200,Consumer Staples,,
WTC.AX,Wisetech Global,Australia,S&P/ASX 200,Information Technology,,
XRO.AX,Xero,Australia,S&P/ASX 200,Information Technology,,
XYX.AX,"Block, Inc.",Australia,S&P/ASX 200,Financials,,
YAL.AX,Yancoal Australia,Australia,S&P/ASX 200,Materials,,
ZIM.AX,Zimplats Holdings,Australia,S&P/ASX 200,Materials,,
ZIP.AX,Zip,Australia,S&P/ASX 200,Financials,,
ABX.TO,Barrick Mining Corporation,Canada,S&P/TSX 60,Basic Materials,,
AEM.TO,Agnico Eagle Mines Limited,Canada,S&P/TSX 60,Basic Materials,,
ATD.TO,Alimentation Couche-Tard Inc.,Canada,S&P/TSX 60,Consumer Cyclical,,
BAM.TO,Brookfield Asset Management Ltd.,Canada,S&P/TSX 60,Financial Services,,
BCE.TO,BCE Inc.,Canada,S&P/TSX 60,Communication Services,,
BIP-UN.TO,Brookfield Infrastructure Partners L.P.,Canada,S&P/TSX 60,Utilities,,
BMO.TO,Bank of Montreal,Canada,S&P/TSX 60,Financial Services,,
BN.TO,Brookfield Corporation,Canada,S&P/TSX 60,Financial Services,,
BNS.TO,Bank of Nova Scotia,Canada,S&P/TSX 60,Financial Services,,
CAE.TO,CAE Inc.,Canada,S&P/TSX 60,Industrials,,
CCL-B.TO,CCL Industries Inc.,Canada,S&P/TSX 60,Consumer Cyclical,,
CCO.TO,Cameco Corporation,Canada,S&P/TSX 60,Energy,,
CLS.TO,Celestica Inc.,Canada,S&P/TSX 60,Information Technology,,
CM.TO,Canadian Imperial Bank of Commerce,Canada,S&P/TSX 60,Financial Services,,
CNQ.TO,Canadian Natural Resources Limited,Canada,S&P/TSX 60,Energy,,
CNR.TO,Canadian National Railway Company,Canada,S&P/TSX 60,Industrials,,
CP.TO,Canadian Pacific Kansas City Limited,Canada,S&P/TSX 60,Industrials,,
CSU.TO,Constellation Software Inc.,Canada,S&P/TSX 60,Information Technology,,
CTC-A.TO,Canadian Tire Corporation Limited,Canada,S&P/TSX 60,Consumer Cyclical,,
CVE.TO,Cenovus Energy Inc.,Canada,S&P/TSX 60,Energy,,
DOL.TO,Dollarama Inc.,Canada,S&P/TSX 60,Consumer Staples,,
EMA.TO,Emera Incorporated,Canada,S&P/TSX 60,Utilities,,
ENB.TO,Enbridge Inc.,Canada,S&P/TSX 60,Energy,,
FFH.TO,Fairfax Financial Holdings Limited,Canada,S&P/TSX 60,Financial Services,,
FM.TO,First Quantum Minerals Ltd.,Canada,S&P/TSX 60,Basic Materials,,
FNV.TO,Franco-Nevada Corporation,Canada,S&P/TSX 60,Basic Materials,,
FSV.TO,FirstService Corporation,Canada,S&P/TSX 60,Real Estate,,
FTS.TO,Fortis Inc.,Canada,S&P/TSX 60,Utilities,,
GIB-A.TO,CGI Inc.,Canada,S&P/TSX 60,Information Technology,,
GIL.TO,Gildan Activewear Inc.,Canada,S&P/TSX 60,Consumer Cyclical,,
H.TO,Hydro One Limited,Canada,S&P/TSX 60,Utilities,,
IFC.TO,Intact Financial Corporation,Canada,S&P/TSX 60,Financial Services,,
IMO.TO,Imperial Oil Limited,Canada,S&P/TSX 60,Energy,,
K.TO,Kinross Gold Corporation,Canada,S&P/TSX 60,Basic Materials,,
L.TO,Loblaw Companies Limited,Canada,S&P/TSX 60,Consumer Staples,,
MFC.TO,Manulife Financial Corporation,Canada,S&P/TSX 60,Financial Services,,
MG.TO,Magna International Inc.,Canada,S&P/TSX 60,Consumer Cyclical,,
MRU.TO,Metro Inc.,Canada,S&P/TSX 60,Consumer Staples,,
NAN.TO,National Bank of Canada,Canada,S&P/TSX 60; S&P/TSX 60,Financial Services,,
NTR.TO,Nutrien Ltd.,Canada,S&P/TSX 60,Basic Materials,,
OTEX.TO,Open Text Corporation,Canada,S&P/TSX 60,Information Technology,,
POW.TO,Power Corporation of Canada,Canada,S&P/TSX 60,Financial Services,,
PPL.TO,Pembina Pipeline Corporation,Canada,S&P/TSX 60,Energy,,
QSR.TO,Restaurant Brands International Inc.,Canada,S&P/TSX 60,Consumer Cyclical,,
RCI-B.TO,Rogers Communications Inc.,Canada,S&P/TSX 60,Communication Services,,
RY.TO,Royal Bank of Canada,Canada,S&P/TSX 60,Financial Services,,
SAP.TO,Saputo Inc.,Canada,S&P/TSX 60,Consumer Staples,,
SHOP.TO,Shopify Inc.,Canada,S&P/TSX 60,Information Technology,,
SLF.TO,Sun Life Financial Inc.,Canada,S&P/TSX 60,Financial Services,,
SU.TO,Suncor Energy Inc.,Canada,S&P/TSX 60,Energy,,
T.TO,Telus Corporation,Canada,S&P/TSX 60,Communication Services,,
TD.TO,Toronto-Dominion Bank,Canada,S&P/TSX 60,Financial Services,,
TECK-B.TO,Teck Resources Limited,Canada,S&P/TSX 60,Basic Materials,,
TOU.TO,Tourmaline Oil Corp.,Canada,S&P/TSX 60,Energy,,
TRI.TO,Thomson Reuters Corporation,Canada,S&P/TSX 60,Industrials,,
TRP.TO,TC Energy Corporation,Canada,S&P/TSX 60,Energy,,
WCN.TO,Waste Connections Inc.,Canada,S&P/TSX 60,Industrials,,
WN.TO,George Weston Limited,Canada,S&P/TSX 60,Consumer Staples,,
WPM.TO,Wheaton Precious Metals Corp.,Canada,S&P/TSX 60,Basic Materials,,
WSP.TO,WSP Global Inc.,Canada,S&P/TSX 60,Industrials,,
ABI.BR,Anheuser-Busch InBev,Eurozone,EURO STOXX 50,Consumer Staples,,
AD.AS,Ahold Delhaize,Eurozone,EURO STOXX 50,Consumer Staples,,
ADS.DE,Adidas,Eurozone,EURO STOXX 50; DAX,Consumer Discretionary,,
ADYEN.AS,Adyen,Eurozone,EURO STOXX 50,Financials,,
AI.PA,Air Liquide,Eurozone,EURO STOXX 50; CAC 40,Materials,,
AIR.PA,Airbus,Eurozone,EURO STOXX 50; CAC 40,Industrials,,
ALV.DE,Allianz,Eurozone,EURO STOXX 50; DAX,Financials,,
ARGX.BR,Argenx,Eurozone,EURO STOXX 50,Health Care,,
ASML.AS,ASML Holding,Eurozone,EURO STOXX 50,Information Technology,,
BAS.DE,BASF,Eurozone,EURO STOXX 50; DAX,Materials,,
BAYN.DE,Bayer,Eurozone,EURO STOXX 50; DAX,Health Care,,
BBVA.MC,BBVA,Eurozone,EURO STOXX 50,Financials,,
BMW.DE,BMW,Eurozone,EURO STOXX 50; DAX,Consumer Discretionary,,
BN.PA,Danone,Eurozone,EURO STOXX 50; CAC 40,Consumer Staples,,
BNP.PA,BNP Paribas,Eurozone,EURO STOXX 50; CAC 40,Financials,,
CS.PA,Axa,Eurozone,EURO STOXX 50; CAC 40,Financials,,
DB1.DE,Deutsche Börse,Eurozone,EURO STOXX 50; DAX,Financials,,
DBK.DE,Deutsche Bank,Eurozone,EURO STOXX 50; DAX,Financials,,
DG.PA,Vinci SA,Eurozone,EURO STOXX 50; CAC 40,Industrials,,
DHL.DE,Deutsche Post,Eurozone,EURO STOXX 50; DAX,Industrials,,
DTE.DE,Deutsche Telekom,Eurozone,EURO STOXX 50; DAX,Communication,,
EL.PA,EssilorLuxottica,Eurozone,EURO STOXX 50; CAC 40,Health Care,,
ENEL.MI,Enel,Eurozone,EURO STOXX 50,Utilities,,
ENI.MI,Eni,Eurozone,EURO STOXX 50,Energy,,
ENR.DE,Siemens Energy,Eurozone,EURO STOXX 50; DAX,Industrials,,
IBE.MC,Iberdrola,Eurozone,EURO STOXX 50,Utilities,,
IFX.DE,Infineon Technologies,Eurozone,EURO STOXX 50; DAX,Information Technology,,
INGA.AS,ING Group,Eurozone,EURO STOXX 50,Financials,,
ISP.MI,Intesa Sanpaolo,Eurozone,EURO STOXX 50,Financials,,
ITX.MC,Inditex,Eurozone,EURO STOXX 50,Consumer Discretionary,,
MBG.DE,Mercedes-Benz Group,Eurozone,EURO STOXX 50; DAX,Consumer Discretionary,,
MC.PA,LVMH Moët Hennessy Louis Vuitton,Eurozone,EURO STOXX 50; CAC 40,Consumer Discretionary,,
MUV2.DE,Munich Re,Eurozone,EURO STOXX 50; DAX,Financials,,
NDA-FI.HE,Nordea,Eurozone,EURO STOXX 50,Financials,,
OR.PA,L'Oréal,Eurozone,EURO STOXX 50; CAC 40,Consumer Staples,,
PRX.AS,Prosus,Eurozone,EURO STOXX 50,Consumer Discretionary,,
RACE.MI,Ferrari,Eurozone,EURO STOXX 50,Consumer Discretionary,,
RHM.DE,Rheinmetall,Eurozone,EURO STOXX 50; DAX,Industrials,,
RMS.PA,Hermès,Eurozone,EURO STOXX 50; CAC 40,Consumer Discretionary,,
SAF.PA,Safran,Eurozone,EURO STOXX 50; CAC 40,Industrials,,
SAN.MC,Banco Santander,Eurozone,EURO STOXX 50,Financials,,
SAN.PA,Sanofi,Eurozone,EURO STOXX 50; CAC 40,Health Care,,
SAP.DE,SAP,Eurozone,EURO STOXX 50; DAX,Information Technology,,
SGO.PA,Saint-Gobain,Eurozone,EURO STOXX 50; CAC 40,Industrials,,
SIE.DE,Siemens,Eurozone,EURO STOXX 50; DAX,Industrials,,
SU.PA,Schneider Electric,Eurozone,EURO STOXX 50; CAC 40,Industrials,,
TTE.PA,TotalEnergies,Eurozone,EURO STOXX 50; CAC 40,Energy,,
UCG.MI,UniCredit,Eurozone,EURO STOXX 50,Financials,,
VOW.DE,Volkswagen Group,Eurozone,EURO STOXX 50,Consumer Discretionary,,
WKL.AS,Wolters Kluwer,Eurozone,EURO STOXX 50,Industrials,,
AC.PA,Accor,France,CAC 40,Consumer Services,,
ACA.PA,Crédit Agricole,France,CAC 40,Financial Services,,
BVI.PA,Bureau Veritas,France,CAC 40,Inspection and certification,,
CA.PA,Carrefour,France,CAC 40,Consumer Defensive,,
CAP.PA,Capgemini,France,CAC 40,Technology,,
DSY.PA,Dassault Systèmes,France,CAC 40,Technology,,
EDEN.PA,Edenred,France,CAC 40,Industrials,,
EN.PA,Bouygues,France,CAC 40,Industrials,,
ENGI.PA,Engie,France,CAC 40,Utilities,,
ERF.PA,Eurofins Scientific,France,CAC 40,Healthcare,,
GLE.PA,Société Générale,France,CAC 40,Financial Services,,
HO.PA,Thales,France,CAC 40,Industrials,,
KER.PA,Kering,France,CAC 40,Consumer Cyclical,,
LR.PA,Legrand,France,CAC 40,Industrials,,
ML.PA,Michelin,France,CAC 40,Industrials,,
MT.AS.PA,ArcelorMittal,France,CAC 40,Basic Materials,,
ORA.PA,Orange,France,CAC 40,Communication Services,,
PUB.PA,Publicis,France,CAC 40,Communication Services,,
RI.PA,Pernod Ricard,France,CAC 40,Consumer Defensive,,
RNO.PA,Renault,France,CAC 40,Consumer Cyclical,,
STLAP.PA,Stellantis,France,CAC 40,Consumer Cyclical,,
STMPA.PA,STMicroelectronics,France,CAC 40,Technology,,
TEP.PA,Teleperformance,France,CAC 40,Communication Services,,
URW.PA,Unibail-Rodamco-Westfield,France,CAC 40,Real Estate,,
VIE.PA,Veolia,France,CAC 40,Industrials,,
AIR.PA.DE,Airbus,Germany,DAX,Aerospace & Defence,,
BEI.DE,Beiersdorf,Germany,DAX,Consumer goods,,
BNR.DE,Brenntag,Germany,DAX,Distribution,,
CBK.DE,Commerzbank,Germany,DAX,Financial Services,,
CON.DE,Continental,Germany,DAX,Automotive,,
DTG.DE,Daimler Truck,Germany,DAX,Automotive,,
EOAN.DE,E.ON,Germany,DAX,Utilities,,
FME.DE,Fresenius Medical Care,Germany,DAX,Healthcare,,
FRE.DE,Fresenius,Germany,DAX,Healthcare,,
G1A.DE,GEA Group,Germany,DAX,Mechanical Engineering,,
G24.DE,Scout24,Germany,DAX,E-Commerce,,
HEI.DE,Heidelberg Materials,Germany,DAX,Construction Materials,,
HEN3.DE,Henkel,Germany,DAX,Consumer Goods,,
HNR1.DE,Hannover Re,Germany,DAX,Insurance,,
MRK.DE,Merck,Germany,DAX,Pharmaceuticals,,
MTX.DE,MTU Aero Engines,Germany,DAX,Aerospace & Defence,,
PAH3.DE,Porsche SE,Germany,DAX,Automotive,,
QIA.DE,Qiagen,Germany,DAX,Biotech,,
RWE.DE,RWE,Germany,DAX,Utilities,,
SHL.DE,Siemens Healthineers,Germany,DAX,Medical Equipment,,
SY1.DE,Symrise,Germany,DAX,Chemicals,,
VNA.DE,Vonovia,Germany,DAX,Real Estate,,
VOW3.DE,Volkswagen Group,Germany,DAX,Automotive,,
ZAL.DE,Zalando,Germany,DAX,E-Commerce,,
0001.HK,CK Hutchison Holdings Limited,Hong Kong,Hang Seng,,,
0002.HK,CLP Holdings Limited,Hong Kong,Hang Seng,,,
0003.HK,Hong Kong and China Gas Company Limited,Hong Kong,Hang Seng,,,
0005.HK,HSBC Holdings plc,Hong Kong,Hang Seng,,,
0006.HK,Power Assets Holdings Limited,Hong Kong,Hang Seng,,,
0012.HK,Henderson Land Development Company Limited,Hong Kong,Hang Seng,,,
0016.HK,Sun Hung Kai Properties Limited,Hong Kong,Hang Seng,,,
0027.HK,Galaxy Entertainment Group Ltd.,Hong Kong,Hang Seng,,,
0066.HK,MTR Corporation Ltd,Hong Kong,Hang Seng,,,
0101.HK,Hang Lung Properties Limited,Hong Kong,Hang Seng,,,
0175.HK,Geely Auto,Hong Kong,Hang Seng,,,
0241.HK,Alibaba Health,Hong Kong,Hang Seng,,,
0267.HK,CITIC Limited,Hong Kong,Hang Seng,,,
0285.HK,BYD Electronics,Hong Kong,Hang Seng,,,
0288.HK,WH Group,Hong Kong,Hang Seng,,,
0291.HK,China Resources Beer,Hong Kong,Hang Seng,,,
0300.HK,Midea Group,Hong Kong,Hang Seng,,,
0316.HK,Orient Overseas (International) Limited,Hong Kong,Hang Seng,,,
0322.HK,Tingyi,Hong Kong,Hang Seng,,,
0386.HK,Sinopec Corp,Hong Kong,Hang Seng,,,
0388.HK,HKEx Limited,Hong Kong,Hang Seng,,,
0669.HK,Techtronic Industries,Hong Kong,Hang Seng,,,
0688.HK,China Overseas Land & Investment Limited,Hong Kong,Hang Seng,,,
0700.HK,Tencent Holdings Limited,Hong Kong,Hang Seng,,,
0762.HK,China Unicom,Hong Kong,Hang Seng,,,
0823.HK,Link REIT,Hong Kong,Hang Seng,,,
0836.HK,China Resources Power,Hong Kong,Hang Seng,,,
0857.HK,PetroChina Company Limited,Hong Kong,Hang Seng,,,
0868.HK,Xinyi Glass,Hong Kong,Hang Seng,,,
0881.HK,Zhongsheng Group,Hong Kong,Hang Seng,,,
0883.HK,CNOOC Limited,Hong Kong,Hang Seng,,,
0939.HK,China Construction Bank,Hong Kong,Hang Seng,,,
0941.HK,China Mobile Ltd,Hong Kong,Hang Seng,,,
0960.HK,Longfor Properties,Hong Kong,Hang Seng,,,
0968.HK,Xinyi Solar,Hong Kong,Hang Seng,,,
0981.HK,Semiconductor Manufacturing International Corporation,Hong Kong,Hang Seng,,,
0992.HK,Lenovo,Hong Kong,Hang Seng,,,
1024.HK,Kuaishou,Hong Kong,Hang Seng,,,
1038.HK,Cheung Kong Infrastructure Holdings Limited,Hong Kong,Hang Seng,,,
1044.HK,Hengan International Group Co. Ltd,Hong Kong,Hang Seng,,,
1088.HK,China Shenhua Energy,Hong Kong,Hang Seng,,,
1093.HK,CSPC Pharmaceutical Group,Hong Kong,Hang Seng,,,
1099.HK,Sinopharm Group,Hong Kong,Hang Seng,,,
1109.HK,China Resources Land Limited,Hong Kong,Hang Seng,,,
1113.HK,CK Asset Holdings,Hong Kong,Hang Seng,,,
1177.HK,Sino Biopharm,Hong Kong,Hang Seng,,,
1209.HK,China Resources Mixc Lifestyle,Hong Kong,Hang Seng,,,
1211.HK,BYD Company,Hong Kong,Hang Seng,,,
1299.HK,AIA Group Limited,Hong Kong,Hang Seng,,,
1378.HK,China Hongqiao Group,Hong Kong,Hang Seng,,,
1398.HK,Industrial and Commercial Bank of China,Hong Kong,Hang Seng,,,
1810.HK,Xiaomi,Hong Kong,Hang Seng,,,
1876.HK,Budweiser Brewing Company APAC,Hong Kong,Hang Seng,,,
1928.HK,Sands China,Hong Kong,Hang Seng,,,
1929.HK,Chow Tai Fook,Hong Kong,Hang Seng,,,
1997.HK,Wharf Real Estate Investment Company Limited,Hong Kong,Hang Seng,,,
2015.HK,Li Auto,Hong Kong,Hang Seng,,,
2020.HK,Anta Sports,Hong Kong,Hang Seng,,,
2057.HK,ZTO Express,Hong Kong,Hang Seng,,,
2269.HK,WuXi Biologics,Hong Kong,Hang Seng,,,
2313.HK,Shenzhou International,Hong Kong,Hang Seng,,,
2318.HK,Ping An Insurance,Hong Kong,Hang Seng,,,
2319.HK,Mengniu Dairy,Hong Kong,Hang Seng,,,
2331.HK,Li-Ning,Hong Kong,Hang Seng,,,
2359.HK,WuXi AppTec,Hong Kong,Hang Seng,,,
2382.HK,Sunny Optical,Hong Kong,Hang Seng,,,
2388.HK,BOC Hong Kong (Holdings) Ltd,Hong Kong,Hang Seng,,,
2618.HK,JD Logistics,Hong Kong,Hang Seng,,,
2628.HK,China Life,Hong Kong,Hang Seng,,,
2688.HK,ENN Energy,Hong Kong,Hang Seng,,,
2899.HK,Zijin Mining,Hong Kong,Hang Seng,,,
3690.HK,Meituan,Hong Kong,Hang Seng,,,
3692.HK,Hansoh Pharmaceutical Group,Hong Kong,Hang Seng,,,
3968.HK,China Merchants Bank,Hong Kong,Hang Seng,,,
3988.HK,Bank of China Ltd,Hong Kong,Hang Seng,,,
6618.HK,JD Health,Hong Kong,Hang Seng,,,
6690.HK,Haier,Hong Kong,Hang Seng,,,
6862.HK,Haidilao,Hong Kong,Hang Seng,,,
9618.HK,JD.com,Hong Kong,Hang Seng,,,
9633.HK,Nongfu Spring,Hong Kong,Hang Seng,,,
9888.HK,Baidu,Hong Kong,Hang Seng,,,
9961.HK,Trip.com Group,Hong Kong,Hang Seng,,,
9988.HK,Alibaba Group,Hong Kong,Hang Seng,,,
9992.HK,Pop Mart,Hong Kong,Hang Seng,,,
9999.HK,NetEase,Hong Kong,Hang Seng,,,
000080.KS,HiteJinro,South Korea,KOSPI 200,,,
000100.KS,Yuhan,South Korea,KOSPI 200,,,
000120.KS,CJ Logistics,South Korea,KOSPI 200,,,
000150.KS,Doosan,South Korea,KOSPI 200,,,
000210.KS,DL,South Korea,KOSPI 200,,,
000240.KS,Hankook & Company,South Korea,KOSPI 200,,,
000270.KS,Kia,South Korea,KOSPI 200,,,
000660.KS,SK Hynix,South Korea,KOSPI 200,,,
000670.KS,Young Poong,South Korea,KOSPI 200,,,
000720.KS,Hyundai E&C,South Korea,KOSPI 200,,,
000810.KS,Samsung Fire & Marine,South Korea,KOSPI 200,,,
000880.KS,Hanwha,South Korea,KOSPI 200,,,
000990.KS,DB HiTek,South Korea,KOSPI 200,,,
001040.KS,CJ,South Korea,KOSPI 200,,,
001430.KS,Seah Besteel,South Korea,KOSPI 200,,,
001440.KS,Taihan Cable & Solution,South Korea,KOSPI 200,,,
001450.KS,Hyundai Marine & Fire,South Korea,KOSPI 200,,,
001680.KS,Daesang,South Korea,KOSPI 200,,,
001800.KS,Orion Holdings,South Korea,KOSPI 200,,,
002030.KS,Asia Holdings,South Korea,KOSPI 200,,,
002380.KS,KCC,South Korea,KOSPI 200,,,
002790.KS,Amorepacific Holdings,South Korea,KOSPI 200,,,
002840.KS,Miwon Commercial,South Korea,KOSPI 200,,,
003030.KS,Seah Steel Holdings,South Korea,KOSPI 200,,,
003090.KS,Daewoong,South Korea,KOSPI 200,,,
003230.KS,Samyang Foods,South Korea,KOSPI 200,,,
003240.KS,Taekwang Industrial,South Korea,KOSPI 200,,,
003490.KS,Korean Air,South Korea,KOSPI 200,,,
003550.KS,LG,South Korea,KOSPI 200,,,
003670.KS,POSCO Future M,South Korea,KOSPI 200,,,
004000.KS,Lotte Fine Chemical,South Korea,KOSPI 200,,,
004020.KS,Hyundai Steel,South Korea,KOSPI 200,,,
004170.KS,Shinsegae,South Korea,KOSPI 200,,,
004370.KS,Nongshim,South Korea,KOSPI 200,,,
004990.KS,Lotte,South Korea,KOSPI 200,,,
005300.KS,Lotte Chilsung,South Korea,KOSPI 200,,,
005380.KS,Hyundai Motor,South Korea,KOSPI 200,,,
005420.KS,Cosmo Chemical,South Korea,KOSPI 200,,,
005490.KS,POSCO,South Korea,KOSPI 200,,,
005830.KS,DB Insurance,South Korea,KOSPI 200,,,
005850.KS,SL,South Korea,KOSPI 200,,,
005930.KS,Samsung Electronics,South Korea,KOSPI 200,,,
005940.KS,NH Investment & Securities,South Korea,KOSPI 200,,,
006040.KS,Dongwon Industries,South Korea,KOSPI 200,,,
006260.KS,LS,South Korea,KOSPI 200,,,
006280.KS,Green Cross,South Korea,KOSPI 200,,,
006400.KS,Samsung SDI,South Korea,KOSPI 200,,,
006650.KS,Korea Petrochemical,South Korea,KOSPI 200,,,
006800.KS,Mirae Asset Securities,South Korea,KOSPI 200,,,
007070.KS,GS Retail,South Korea,KOSPI 200,,,
007310.KS,Ottogi,South Korea,KOSPI 200,,,
007340.KS,DN Automotive,South Korea,KOSPI 200,,,
007660.KS,Isu Petasys,South Korea,KOSPI 200,,,
008730.KS,Youlchon Chemical,South Korea,KOSPI 200,,,
008770.KS,Hotel Shilla,South Korea,KOSPI 200,,,
008930.KS,Hanmi Science,South Korea,KOSPI 200,,,
009150.KS,Samsung Electro-Mechanics,South Korea,KOSPI 200,,,
009240.KS,Hanssem,South Korea,KOSPI 200,,,
009420.KS,Hanall Biopharma,South Korea,KOSPI 200,,,
009540.KS,HD KSOE,South Korea,KOSPI 200,,,
009830.KS,Hanwha Solutions,South Korea,KOSPI 200,,,
009970.KS,Youngone Holdings,South Korea,KOSPI 200,,,
010060.KS,OCI Holdings,South Korea,KOSPI 200,,,
010120.KS,LS Electric,South Korea,KOSPI 200,,,
010130.KS,Korea Zinc,South Korea,KOSPI 200,,,
010140.KS,Samsung Heavy Industries,South Korea,KOSPI 200,,,
010950.KS,S-Oil,South Korea,KOSPI 200,,,
011070.KS,LG Innotek,South Korea,KOSPI 200,,,
011170.KS,Lotte Chemical,South Korea,KOSPI 200,,,
011200.KS,HMM,South Korea,KOSPI 200,,,
011210.KS,Hyundai WIA,South Korea,KOSPI 200,,,
011780.KS,Kumho Petrochemical,South Korea,KOSPI 200,,,
011790.KS,SKC,South Korea,KOSPI 200,,,
012330.KS,Hyundai Mobis,South Korea,KOSPI 200,,,
012450.KS,Hanwha Aerospace,South Korea,KOSPI 200,,,
012750.KS,S-1,South Korea,KOSPI 200,,,
014680.KS,Hansol Chemical,South Korea,KOSPI 200,,,
014820.KS,Dongwon Systems,South Korea,KOSPI 200,,,
015760.KS,KEPCO,South Korea,KOSPI 200,,,
016360.KS,Samsung Securities,South Korea,KOSPI 200,,,
017670.KS,SK Telecom,South Korea,KOSPI 200,,,
017800.KS,Hyundai Elevator,South Korea,KOSPI 200,,,
017960.KS,Hankuk Carbon,South Korea,KOSPI 200,,,
018260.KS,Samsung SDS,South Korea,KOSPI 200,,,
018880.KS,Hanon Systems,South Korea,KOSPI 200,,,
021240.KS,Coway,South Korea,KOSPI 200,,,
022100.KS,POSCO DX,South Korea,KOSPI 200,,,
023530.KS,Lotte Shopping,South Korea,KOSPI 200,,,
024110.KS,Industrial Bank of Korea,South Korea,KOSPI 200,,,
026960.KS,Dongsuh,South Korea,KOSPI 200,,,
028050.KS,Samsung E&A,South Korea,KOSPI 200,,,
028260.KS,Samsung C&T,South Korea,KOSPI 200,,,
028670.KS,Pan Ocean,South Korea,KOSPI 200,,,
029780.KS,Samsung Card,South Korea,KOSPI 200,,,
030000.KS,Cheil Worldwide,South Korea,KOSPI 200,,,
030200.KS,KT,South Korea,KOSPI 200,,,
032640.KS,LG Uplus,South Korea,KOSPI 200,,,
032830.KS,Samsung Life,South Korea,KOSPI 200,,,
033780.KS,KT&G,South Korea,KOSPI 200,,,
034020.KS,Doosan Enerbility,South Korea,KOSPI 200,,,
034220.KS,LG Display,South Korea,KOSPI 200,,,
034230.KS,Paradise,South Korea,KOSPI 200,,,
034730.KS,SK,South Korea,KOSPI 200,,,
035250.KS,Kangwon Land,South Korea,KOSPI 200,,,
035420.KS,Naver,South Korea,KOSPI 200,,,
035720.KS,Kakao,South Korea,KOSPI 200,,,
036460.KS,Korea Gas,South Korea,KOSPI 200,,,
036570.KS,NC,South Korea,KOSPI 200,,,
039490.KS,Kiwoom Securities,South Korea,KOSPI 200,,,
042660.KS,Hanwha Ocean,South Korea,KOSPI 200,,,
042700.KS,Hanmi Semiconductor,South Korea,KOSPI 200,,,
047040.KS,Daewoo E&C,South Korea,KOSPI 200,,,
047050.KS,POSCO International,South Korea,KOSPI 200,,,
047810.KS,Korea Aerospace,South Korea,KOSPI 200,,,
051600.KS,KEPCO KPS,South Korea,KOSPI 200,,,
051900.KS,LG H&H,South Korea,KOSPI 200,,,
051910.KS,LG Chem,South Korea,KOSPI 200,,,
052690.KS,KEPCO E&C,South Korea,KOSPI 200,,,
055550.KS,Shinhan Financial,South Korea,KOSPI 200,,,
062040.KS,Sanil Electric,South Korea,KOSPI 200,,,
064350.KS,Hyundai Rotem,South Korea,KOSPI 200,,,
064400.KS,LG CNS,South Korea,KOSPI 200,,,
066570.KS,LG Electronics,South Korea,KOSPI 200,,,
066970.KS,L&F,South Korea,KOSPI 200,,,
068270.KS,Celltrion,South Korea,KOSPI 200,,,
069260.KS,TKG Huchems,South Korea,KOSPI 200,,,
069620.KS,Daewoong Pharmaceutical,South Korea,KOSPI 200,,,
069960.KS,Hyundai Department Store,South Korea,KOSPI 200,,,
071050.KS,Korea Investment,South Korea,KOSPI 200,,,
071320.KS,Korea District Heating,South Korea,KOSPI 200,,,
071970.KS,HD Hyundai Marine Engine,South Korea,KOSPI 200,,,
073240.KS,Kumho Tire,South Korea,KOSPI 200,,,
078930.KS,GS,South Korea,KOSPI 200,,,
079550.KS,LIG Nex1,South Korea,KOSPI 200,,,
081660.KS,Misto,South Korea,KOSPI 200,,,
082740.KS,Hanwha Engine,South Korea,KOSPI 200,,,
086280.KS,Hyundai Glovis,South Korea,KOSPI 200,,,
086790.KS,Hana Financial,South Korea,KOSPI 200,,,
088350.KS,Hanwha Life,South Korea,KOSPI 200,,,
090430.KS,Amorepacific,South Korea,KOSPI 200,,,
093370.KS,Foosung,South Korea,KOSPI 200,,,
096770.KS,SK Innovation,South Korea,KOSPI 200,,,
097950.KS,CJ CheilJedang,South Korea,KOSPI 200,,,
103140.KS,Poongsan,South Korea,KOSPI 200,,,
105560.KS,KB Financial,South Korea,KOSPI 200,,,
111770.KS,Youngone,South Korea,KOSPI 200,,,
112610.KS,CS Wind,South Korea,KOSPI 200,,,
120110.KS,Kolon Industries,South Korea,KOSPI 200,,,
128940.KS,Hanmi Pharm,South Korea,KOSPI 200,,,
137310.KS,SD Biosensor,South Korea,KOSPI 200,,,
138040.KS,Meritz Financial,South Korea,KOSPI 200,,,
138930.KS,BNK Financial,South Korea,KOSPI 200,,,
139130.KS,IM Financial,South Korea,KOSPI 200,,,
139480.KS,Emart,South Korea,KOSPI 200,,,
161390.KS,Hankook,South Korea,KOSPI 200,,,
161890.KS,Kolmar Korea,South Korea,KOSPI 200,,,
175330.KS,JB Financial,South Korea,KOSPI 200,,,
180640.KS,Hanjin KAL,South Korea,KOSPI 200,,,
185750.KS,Chong Kun Dang,South Korea,KOSPI 200,,,
192080.KS,DoubleU Games,South Korea,KOSPI 200,,,
192820.KS,Cosmax,South Korea,KOSPI 200,,,
204320.KS,HL Mando,South Korea,KOSPI 200,,,
207940.KS,Samsung Biologics,South Korea,KOSPI 200,,,
241560.KS,Doosan Bobcat,South Korea,KOSPI 200,,,
251270.KS,Netmarble,South Korea,KOSPI 200,,,
259960.KS,Krafton,South Korea,KOSPI 200,,,
267250.KS,HD Hyundai,South Korea,KOSPI 200,,,
267260.KS,HD Hyundai Electric,South Korea,KOSPI 200,,,
267270.KS,HD Construction Equipment,South Korea,KOSPI 200,,,
268280.KS,Miwon Specialty Chemical,South Korea,KOSPI 200,,,
271560.KS,Orion,South Korea,KOSPI 200,,,
272210.KS,Hanwha Systems,South Korea,KOSPI 200,,,
278470.KS,APR,South Korea,KOSPI 200,,,
280360.KS,Lotte Wellfood,South Korea,KOSPI 200,,,
282330.KS,BGF Retail,South Korea,KOSPI 200,,,
285130.KS,SK Chemicals,South Korea,KOSPI 200,,,
298020.KS,Hyosung TNC,South Korea,KOSPI 200,,,
298040.KS,Hyosung Heavy Industries,South Korea,KOSPI 200,,,
298050.KS,HS Hyosung Advanced Materials,South Korea,KOSPI 200,,,
300720.KS,Hanil Cement,South Korea,KOSPI 200,,,
302440.KS,SK Bioscience,South Korea,KOSPI 200,,,
307950.KS,Hyundai AutoEver,South Korea,KOSPI 200,,,
316140.KS,Woori Financial,South Korea,KOSPI 200,,,
323410.KS,KakaoBank,South Korea,KOSPI 200,,,
326030.KS,SK Biopharm,South Korea,KOSPI 200,,,
329180.KS,HD Hyundai Heavy Industries,South Korea,KOSPI 200,,,
352820.KS,Hybe,South Korea,KOSPI 200,,,
361610.KS,SK IE Technology,South Korea,KOSPI 200,,,
373220.KS,LG Energy Solution,South Korea,KOSPI 200,,,
375500.KS,DL E&C,South Korea,KOSPI 200,,,
377300.KS,KakaoPay,South Korea,KOSPI 200,,,
383220.KS,F&F,South Korea,KOSPI 200,,,
402340.KS,SK Square,South Korea,KOSPI 200,,,
443060.KS,HD Hyundai Marine Solution,South Korea,KOSPI 200,,,
450080.KS,Ecopro Materials,South Korea,KOSPI 200,,,
454910.KS,Doosan Robotics,South Korea,KOSPI 200,,,
456040.KS,OCI,South Korea,KOSPI 200,,,
457190.KS,Isu Specialty Chemical,South Korea,KOSPI 200,,,
483650.KS,d'Alba Global,South Korea,KOSPI 200,,,
3IN.L,3i Infrastructure,UK,FTSE 250,Financial Services,,
AAF.L,Airtel Africa,UK,FTSE 100,Telecommunications services,,
AAL.L,Anglo American plc,UK,FTSE 100,Mining,,
AAS.L,Aberdeen Asia Focus,UK,FTSE 250,Investment Trusts,,
ABDN.L,Aberdeen Group,UK,FTSE 100,Financial Services,,
ABF.L,Associated British Foods,UK,FTSE 100,Food & tobacco,,
ADM.L,Admiral Group,UK,FTSE 100,Insurance,,
AEP.L,AEP Plantations,UK,FTSE 250,Food Producers,,
AGT.L,AVI Global Trust,UK,FTSE 250,Investment Trusts,,
AIE.L,Ashoka India Equity Investment Trust,UK,FTSE 250,Investment Trusts,,
AJB.L,AJ Bell,UK,FTSE 250,Financial Services,,
ALFA.L,Alfa Financial Software,UK,FTSE 250,Software and Computer Services,,
ALW.L,Alliance Witan,UK,FTSE 100,Investment Trusts,,
AML.L,Aston Martin Lagonda,UK,FTSE 250,Automobiles & Parts,,
ANTO.L,Antofagasta plc,UK,FTSE 100,Mining,,
AO.L,AO World,UK,FTSE 250,Retail,,
APN.L,Applied Nutrition,UK,FTSE 250,Food Producers,,
ASHM.L,Ashmore Group,UK,FTSE 250,Financial Services,,
ASL.L,Aberforth Smaller Companies Trust,UK,FTSE 250,Investment Trusts,,
ATG.L,Auction Technology Group,UK,FTSE 250,Software and Computer Services,,
ATR.L,Schroder Asian Total Return Investment Company,UK,FTSE 250,Investment Trusts,,
ATT.L,Allianz Technology Trust,UK,FTSE 250,Investment Trusts,,
ATYM.L,Atalaya Mining,UK,FTSE 250,Industrial Metals and Mining,,
AUTO.L,Autotrader Group,UK,FTSE 100,Media,,
AV.L,Aviva,UK,FTSE 100,Life insurance,,
AVON.L,Avon Technologies,UK,FTSE 250,Industrial Goods and Services,,
AZN.L,AstraZeneca,UK,FTSE 100,Pharmaceuticals & biotechnology,,
BA.L,BAE Systems,UK,FTSE 100,Aerospace & defence,,
BAB.L,Babcock International,UK,FTSE 100,Aerospace & defence,,
BAG.L,A.G. Barr,UK,FTSE 250,Beverages,,
BARC.L,Barclays,UK,FTSE 100,Banks,,
BATS.L,British American Tobacco,UK,FTSE 100,Tobacco,,
BBOX.L,Tritax Big Box REIT,UK,FTSE 100,Real Estate Investment Trusts,,
BBY.L,Balfour Beatty,UK,FTSE 250,Construction & Materials,,
BCG.L,Baltic Classifieds,UK,FTSE 250,Consumer Digital Services,,
BEZ.L,Beazley,UK,FTSE 100,Insurance,,
BGEO.L,Lion Finance Group,UK,FTSE 100,Banking Services,,
BGFD.L,Baillie Gifford Japan Trust,UK,FTSE 250,Investment Trusts,,
BHMG.L,BH Macro,UK,FTSE 250,Hedge Funds,,
BKG.L,Berkeley Group Holdings,UK,FTSE 250,Household goods & home construction,,
BLND.L,British Land,UK,FTSE 100,Real estate,,
BME.L,B&M,UK,FTSE 250,Retailers,,
BMY.L,Bloomsbury Publishing,UK,FTSE 250,Media,,
BNKR.L,Bankers Investment Trust,UK,FTSE 250,Investment Trusts,,
BNZL.L,Bunzl,UK,FTSE 100,Support services,,
BOWL.L,Hollywood Bowl Group,UK,FTSE 250,Travel and leisure,,
BOY.L,Bodycote,UK,FTSE 250,Industrial Engineering,,
BP.L,BP,UK,FTSE 100,Oil & gas producers,,
BPCR.L,Biopharma Credit,UK,FTSE 250,Investment Trusts,,
BPT.L,Bridgepoint Group,UK,FTSE 250,Financial Services,,
BRBY.L,Burberry Group,UK,FTSE 100,Personal goods,,
BREE.L,Breedon Group,UK,FTSE 250,Construction & Materials,,
BRGE.L,BlackRock Greater Europe Investment Trust,UK,FTSE 250,Investment Trusts,,
BRSC.L,BlackRock Smaller Companies Trust,UK,FTSE 250,Investment Trusts,,
BRWM.L,BlackRock World Mining Trust,UK,FTSE 250,Investment Trusts,,
BT-A.L,BT Group,UK,FTSE 100,Telecommunications services,,
BTRW.L,Barratt Redrow,UK,FTSE 100,Household goods & home construction,,
BUT.L,Brunner Investment Trust,UK,FTSE 250,Investment Trusts,,
BWY.L,Bellway,UK,FTSE 250,Home Construction,,
BYG.L,Big Yellow Group,UK,FTSE 250,Real Estate Investment Trusts,,
BYIT.L,Bytes Technology Group,UK,FTSE 250,Aerospace & Defence,,
CBG.L,Close Brothers Group,UK,FTSE 250,Financial Services,,
CCC.L,Computacenter,UK,FTSE 100,Software & Computer Services,,
CCEP.L,Coca-Cola Europacific Partners,UK,FTSE 100,Beverages,,
CCH.L,Coca-Cola HBC,UK,FTSE 100,Beverages,,
CGT.L,Capital Gearing Trust,UK,FTSE 250,Investment Trusts,,
CHG.L,Chemring Group,UK,FTSE 250,Aerospace & Defence,,
CKN.L,Clarkson,UK,FTSE 250,Industrial Transportation,,
CLDN.L,Caledonia Investments,UK,FTSE 250,Investment Trusts,,
CMCX.L,CMC Markets,UK,FTSE 250,Financial Services,,
CNA.L,Centrica,UK,FTSE 100,Multiline utilities,,
COA.L,Coats Group,UK,FTSE 250,Consumer Staples,,
CORD.L,Cordiant Digital Infrastructure,UK,FTSE 250,Investment Trusts,,
COST.L,Costain Group,UK,FTSE 250,Engineering and Construction,,
CPG.L,Compass Group,UK,FTSE 100,Support services,,
CRDA.L,Croda International,UK,FTSE 100,Chemicals,,
CSN.L,Chesnara,UK,FTSE 250,Life Insurance,,
CTEC.L,Convatec,UK,FTSE 100,Health care equipment & supplies,,
CTY.L,City of London Investment Trust,UK,FTSE 250,Investment Trusts,,
CURY.L,Currys,UK,FTSE 250,Retailers,,
CVSG.L,CVS Group,UK,FTSE 250,Health Care,,
CWK.L,Cranswick,UK,FTSE 250,Food Producers,,
CWR.L,Ceres Power,UK,FTSE 250,Alternative Energy,,
DATA.L,GlobalData,UK,FTSE 250,Industrial Goods and Services,,
DCC.L,DCC Energy,UK,FTSE 100,Support services,,
DGE.L,Diageo,UK,FTSE 100,Beverages,,
DLN.L,Derwent London,UK,FTSE 250,Real Estate Investment Trusts,,
DNLM.L,Dunelm Group,UK,FTSE 250,Retailers,,
DOCS.L,Dr. Martens,UK,FTSE 250,Retailers,,
DOM.L,Domino's Pizza,UK,FTSE 250,Travel & Leisure,,
DPLM.L,Diploma,UK,FTSE 100,Industrial Support services,,
DRX.L,Drax Group,UK,FTSE 250,Electricity,,
DSCV.L,discoverIE,UK,FTSE 250,Support Services,,
EDIN.L,Edinburgh Investment Trust,UK,FTSE 250,Investment Trusts,,
EDV.L,Endeavour Mining,UK,FTSE 100,Mining,,
ELM.L,Elementis,UK,FTSE 250,Chemicals,,
EMG.L,Man Group,UK,FTSE 250,Investment Trusts,,
ENOG.L,Energean,UK,FTSE 250,Oil & Gas Producers,,
ENT.L,Entain,UK,FTSE 100,Travel & leisure,,
ESCT.L,European Smaller Companies Trust,UK,FTSE 250,Investment Trusts,,
EWG.L,Eurowag,UK,FTSE 250,Financial Services,,
EWI.L,Edinburgh Worldwide Investment Trust,UK,FTSE 250,Investment Trusts,,
EXPN.L,Experian,UK,FTSE 100,Support services,,
EZJ.L,EasyJet,UK,FTSE 250,Travel and Leisure,,
FAN.L,Volution Group,UK,FTSE 250,Construction & Materials,,
FCH.L,Funding Circle,UK,FTSE 250,Financial Services,,
FCIT.L,F & C Investment Trust,UK,FTSE 100,Collective investments,,
FCSS.L,Fidelity China Special Situations,UK,FTSE 250,Investment Trusts,,
FEML.L,Fidelity Emerging Markets,UK,FTSE 250,Investment Trusts,,
FEV.L,Fidelity European Trust,UK,FTSE 250,Investment Trusts,,
FGEN.L,Foresight Environmental Infrastructure,UK,FTSE 250,Investment Trusts,,
FGP.L,FirstGroup,UK,FTSE 250,Travel & Leisure,,
FGT.L,Finsbury Growth & Income Trust,UK,FTSE 250,Equity Investments,,
FOUR.L,4imprint,UK,FTSE 250,Media,,
FRAS.L,Frasers Group,UK,FTSE 250,Retailers,,
FRES.L,Fresnillo plc,UK,FTSE 100,Mining,,
FSG.L,Foresight Group,UK,FTSE 250,Investment Banking and Brokerage Services,,
FSV.L,Fidelity Special Values,UK,FTSE 250,Investment Trusts,,
GAMA.L,Gamma Communications,UK,FTSE 250,Telecommunications,,
GAW.L,Games Workshop,UK,FTSE 100,Leisure Goods,,
GBG.L,GB Group,UK,FTSE 250,Software and Computer Services,,
GCP.L,GCP Infrastructure Investments,UK,FTSE 250,General Financial,,
GDWN.L,Goodwin,UK,FTSE 250,General Industrials,,
GEN.L,Genuit Group,UK,FTSE 250,Construction & Materials,,
GFRD.L,Galliford Try,UK,FTSE 250,Construction,,
GFTU.L,Grafton Group,UK,FTSE 250,Support Services,,
GLEN.L,Glencore,UK,FTSE 100,Mining,,
GNC.L,Greencore,UK,FTSE 250,"Food, Beverage and Tobacco",,
GNS.L,Genus,UK,FTSE 250,Pharmaceuticals & Biotechnology,,
GPE.L,Great Portland Estates,UK,FTSE 250,Real Estate Investment Trusts,,
GRG.L,Greggs,UK,FTSE 250,Food & Drug Retailers,,
GRI.L,Grainger,UK,FTSE 250,Real Estate Investment & Services,,
GROW.L,Molten Ventures,UK,FTSE 250,Financial Services,,
GSCT.L,Global Smaller Companies Trust,UK,FTSE 250,Investment Trusts,,
GSK.L,GSK plc,UK,FTSE 100,Pharmaceuticals & biotechnology,,
HANA.L,Hansa Investment Company,UK,FTSE 250,Investment Trusts,,
HAS.L,Hays,UK,FTSE 250,Support Services,,
HBR.L,Harbour Energy,UK,FTSE 250,Oil & Gas Producers,,
HFD.L,Halfords,UK,FTSE 250,Retailers,,
HFEL.L,Henderson Far East Income,UK,FTSE 250,Investment Trusts,,
HFG.L,Hilton Food Group,UK,FTSE 250,Food Producers,,
HGT.L,Hg Capital Trust,UK,FTSE 250,Investment Trusts,,
HICL.L,HICL Infrastructure Company,UK,FTSE 250,Investment Trusts,,
HIK.L,Hikma Pharmaceuticals,UK,FTSE 250,Pharmaceuticals and Biotechnology,,
HILS.L,Hill & Smith,UK,FTSE 250,Industrial Engineering,,
HLMA.L,Halma plc,UK,FTSE 100,Electronic equipment & parts,,
HLN.L,Haleon,UK,FTSE 100,Pharmaceuticals & biotechnology,,
HMSO.L,Hammerson,UK,FTSE 250,Real Estate Investment Trusts,,
HOC.L,Hochschild Mining,UK,FTSE 250,Basic Resources,,
HRI.L,Herald Investment Trust,UK,FTSE 250,Investment Trusts,,
HSBA.L,HSBC,UK,FTSE 100,Banks,,
HSL.L,Henderson Smaller Companies Investment Trust,UK,FTSE 250,Investment Trusts,,
HSX.L,Hiscox,UK,FTSE 100,Non-life Insurance,,
HTG.L,Hunting,UK,FTSE 250,"Oil, Gas and Coal",,
HTWS.L,Helios Towers,UK,FTSE 250,Telecomms,,
HVPE.L,HarbourVest Global Private Equity,UK,FTSE 250,Equity Investments,,
HWDN.L,Howdens Joinery,UK,FTSE 100,Homebuilding & construction supplies,,
HWG.L,Harworth Group,UK,FTSE 250,Real Estate,,
IAD.L,Invesco Asia Dragon Trust,UK,FTSE 250,Investment Trusts,,
IAG.L,International Airlines Group,UK,FTSE 100,Travel & leisure,,
ICG.L,ICG,UK,FTSE 100,Financial services,,
ICGT.L,ICG Enterprise Trust,UK,FTSE 250,Investment Trusts,,
IGG.L,IG Group,UK,FTSE 100,Financial services,,
IHG.L,IHG Hotels & Resorts,UK,FTSE 100,Travel & leisure,,
IHP.L,IntegraFin Holdings,UK,FTSE 250,Financial Services,,
III.L,3i,UK,FTSE 100,Financial services,,
IMB.L,Imperial Brands,UK,FTSE 100,Tobacco,,
IMI.L,IMI,UK,FTSE 100,Industrial engineering,,
INCH.L,Inchcape,UK,FTSE 250,Retailers,,
INF.L,Informa,UK,FTSE 100,Media,,
INPP.L,International Public Partnerships,UK,FTSE 250,Financial Services,,
INVP.L,Investec,UK,FTSE 100,Financial Services,,
IPO.L,IP Group,UK,FTSE 250,Financial Services,,
ITH.L,Ithaca Energy,UK,FTSE 250,Oil & Gas Producers,,
ITRK.L,Intertek,UK,FTSE 100,Support services,,
ITV.L,ITV,UK,FTSE 250,Media,,
IWG.L,International Workplace Group,UK,FTSE 250,Support Services,,
JAM.L,JPMorgan American Investment Trust,UK,FTSE 250,Investment Trusts,,
JCH.L,JPMorgan Claverhouse Investment Trust,UK,FTSE 250,Investment Trusts,,
JD.L,JD Sports,UK,FTSE 100,General retailers,,
JDW.L,Wetherspoons,UK,FTSE 250,Travel & Leisure,,
JEDT.L,JPMorgan European Discovery,UK,FTSE 250,Investment Trusts,,
JEGI.L,JPMorgan European Growth & Income,UK,FTSE 250,Investment Trusts,,
JEMI.L,JPMorgan Emerging Markets Dividend Income,UK,FTSE 250,Investment Trusts,,
JFJ.L,JPMorgan Japanese Investment Trust,UK,FTSE 250,Investment Trusts,,
JGGI.L,JPMorgan Global Growth & Income,UK,FTSE 250,Investment Trusts,,
JMAT.L,Johnson Matthey,UK,FTSE 250,Chemicals,,
JMGI.L,JPMorgan Emerging Markets Growth & Income,UK,FTSE 250,Investment Trusts,,
JSG.L,Johnson Service Group,UK,FTSE 250,Industrial Support Services,,
JUP.L,Jupiter Fund Management,UK,FTSE 250,Financial Services,,
KGF.L,Kingfisher plc,UK,FTSE 100,Retailers,,
KIE.L,Kier Group,UK,FTSE 250,Construction & Materials,,
KLR.L,Keller Group,UK,FTSE 250,Construction & Materials,,
KNOS.L,Kainos,UK,FTSE 250,Software & Computer Services,,
LAND.L,Land Securities,UK,FTSE 100,Real estate investment trusts,,
LGEN.L,Legal & General,UK,FTSE 100,Life insurance,,
LLOY.L,Lloyds Banking Group,UK,FTSE 100,Banks,,
LMP.L,LondonMetric Property,UK,FTSE 100,Real Estate Investment Trusts,,
LRE.L,Lancashire Holdings,UK,FTSE 250,Nonlife Insurance,,
LSEG.L,London Stock Exchange Group,UK,FTSE 100,Financial services,,
LWDB.L,Law Debenture,UK,FTSE 250,Investment Trusts,,
MAB.L,Mitchells & Butlers,UK,FTSE 250,Travel & Leisure,,
MEGP.L,ME Group International,UK,FTSE 250,Leisure Goods,,
MGAM.L,Morgan Advanced Materials,UK,FTSE 250,Electronic & Electrical Equipment,,
MGNS.L,Morgan Sindall Group,UK,FTSE 250,Construction & Materials,,
MKS.L,Marks & Spencer,UK,FTSE 100,Food & drug retailing,,
MNDI.L,Mondi,UK,FTSE 250,Containers & packaging,,
MNG.L,M&G,UK,FTSE 100,Financial services,,
MNKS.L,Monks Investment Trust,UK,FTSE 250,Investment Trusts,,
MNTN.L,Schiehallion Fund,UK,FTSE 250,Investment Trusts,,
MONY.L,MONY Group,UK,FTSE 250,Media,,
MOON.L,Moonpig,UK,FTSE 250,Retailers,,
MRC.L,Mercantile Investment Trust,UK,FTSE 250,Collective Investments,,
MRCH.L,Merchants Trust,UK,FTSE 250,Investment Trusts,,
MRO.L,Melrose Industries,UK,FTSE 100,Aerospace & defence,,
MTLN.L,Metlen Energy & Metals,UK,FTSE 100,Multiline utilities,,
MTO.L,Mitie,UK,FTSE 250,Support Services,,
MTRO.L,Metro Bank,UK,FTSE 250,Banks,,
MUT.L,Murray Income Trust,UK,FTSE 250,Investment Trusts,,
MYI.L,Murray International Trust,UK,FTSE 250,Investment Trusts,,
N91.L,Ninety One,UK,FTSE 250,Financial Services,,
NAIT.L,North American Income Trust,UK,FTSE 250,Investment Trusts,,
NAS.L,North Atlantic Smaller Companies Investment Trust,UK,FTSE 250,Investment Trusts,,
NBPE.L,NB Private Equity Partners,UK,FTSE 250,Collective Investments,,
NCC.L,NCC Group,UK,FTSE 250,Software and Computer Services,,
NG.L,National Grid plc,UK,FTSE 100,Multiline utilities,,
NWG.L,NatWest Group,UK,FTSE 100,Banks,,
NXT.L,Next plc,UK,FTSE 100,General retailers,,
OCDO.L,Ocado Group,UK,FTSE 250,Food & drug retailers,,
OCI.L,Oakley Capital Investments,UK,FTSE 250,Investment Trusts,,
ONT.L,Oxford Nanopore Technologies,UK,FTSE 250,Health Care,,
OSB.L,OSB Group,UK,FTSE 250,Banks,,
OXB.L,Oxford Biomedica,UK,FTSE 250,Pharmaceuticals and Biotechnology,,
OXIG.L,Oxford Instruments,UK,FTSE 250,Electronic & Electrical Equipment,,
PAF.L,Pan African Resources,UK,FTSE 250,Precious Metals and Mining,,
PAG.L,Paragon Banking Group,UK,FTSE 250,Financial Services,,
PAGE.L,PageGroup,UK,FTSE 250,Support Services,,
PCGH.L,Polar Capital Global Healthcare Trust,UK,FTSE 250,Investment Trusts,,
PCT.L,Polar Capital Technology Trust,UK,FTSE 100,Investment trusts,,
PETS.L,Pets at Home,UK,FTSE 250,Retailers,,
PEY.L,Partners Group Private Equity,UK,FTSE 250,Investment Trusts,,
PFD.L,Premier Foods,UK,FTSE 250,Food & Drug Retailers,,
PHI.L,Pacific Horizon Investment Trust,UK,FTSE 250,Investment Trusts,,
PHP.L,Primary Health Properties,UK,FTSE 250,Real Estate Investment Trusts,,
PIN.L,Pantheon International,UK,FTSE 250,Equity Investments,,
PINT.L,Pantheon Infrastructure,UK,FTSE 250,Investment Trusts,,
PLUS.L,Plus500,UK,FTSE 250,Financial Services,,
PNL.L,Personal Assets Trust,UK,FTSE 250,Investment Trusts,,
PNN.L,Pennon Group,UK,FTSE 250,"Gas, Water & Multiutilities",,
POLN.L,Pollen Street Group,UK,FTSE 250,Financial Services,,
PPET.L,Patria Private Equity Trust,UK,FTSE 250,Financial Services,,
PPH.L,PPHE Hotel Group,UK,FTSE 250,Travel and Leisure,,
PRN.L,Princes Group,UK,FTSE 250,Food and drink,,
PRU.L,Prudential plc,UK,FTSE 100,Life insurance,,
PSH.L,Pershing Square Holdings,UK,FTSE 100,Financial services,,
PSN.L,Persimmon,UK,FTSE 100,Household goods & home construction,,
PSON.L,Pearson plc,UK,FTSE 100,Media,,
PTEC.L,Playtech,UK,FTSE 250,Software & Computer Services,,
QLT.L,Quilter,UK,FTSE 250,Financial Services,,
QQ.L,Qinetiq,UK,FTSE 250,Aerospace & Defence,,
RAT.L,Rathbones,UK,FTSE 250,Financial Services,,
RCP.L,RIT Capital Partners,UK,FTSE 250,Investment Trusts,,
REL.L,RELX,UK,FTSE 100,Media,,
RHIM.L,RHI Magnesita,UK,FTSE 250,Support Services,,
RICA.L,Ruffer Investment Company,UK,FTSE 250,Investment Trusts,,
RIO.L,Rio Tinto,UK,FTSE 100,Mining,,
RKT.L,Reckitt,UK,FTSE 100,Household goods & home construction,,
RMV.L,Rightmove,UK,FTSE 250,Media,,
RNK.L,Rank Group,UK,FTSE 250,Travel and Leisure,,
ROR.L,Rotork,UK,FTSE 250,Industrial Engineering,,
ROSE.L,Rosebank Industries,UK,FTSE 250,Industrial Goods and Services,,
RPI.L,Raspberry Pi Holdings,UK,FTSE 250,Technology,,
RR.L,Rolls-Royce Holdings,UK,FTSE 100,Aerospace & defence,,
RS1.L,RS Group,UK,FTSE 250,Industrials,,
RSW.L,Renishaw,UK,FTSE 250,Electronic & Electrical Equipment,,
RTO.L,Rentokil Initial,UK,FTSE 100,Support services,,
RTW.L,RTW Biotech Opportunities,UK,FTSE 250,Investment Trusts,,
SAFE.L,Safestore,UK,FTSE 250,Real Estate Investment Trusts,,
SAGA.L,Saga,UK,FTSE 250,Travel and Leisure,,
SAIN.L,Scottish American Investment Company,UK,FTSE 250,Investment Trusts,,
SBRY.L,Sainsbury's,UK,FTSE 100,Food & drug retailing,,
SCT.L,Softcat,UK,FTSE 250,Software & Computer Services,,
SDLF.L,Standard Life,UK,FTSE 100,Life insurance,,
SDP.L,Schroder AsiaPacific Fund,UK,FTSE 250,Investment Trusts,,
SDR.L,Schroders,UK,FTSE 100,Financial services,,
SEIT.L,SDCL Efficiency Income Trust,UK,FTSE 250,Energy,,
SEQI.L,Sequoia Economic Infrastructure Income Fund,UK,FTSE 250,Financial Services,,
SGE.L,Sage Group,UK,FTSE 100,Software & computer services,,
SGRO.L,Segro,UK,FTSE 100,Real estate investment trusts,,
SHAW.L,Shawbrook Bank,UK,FTSE 250,Banking,,
SHC.L,Shaftesbury Capital,UK,FTSE 250,Real Estate Investment Trusts,,
SHEL.L,Shell plc,UK,FTSE 100,Oil & gas producers,,
SMIN.L,Smiths Group,UK,FTSE 100,General industrials,,
SMT.L,Scottish Mortgage Investment Trust,UK,FTSE 100,Collective investments,,
SMWH.L,WHSmith,UK,FTSE 250,Retailers,,
SN.L,Smith & Nephew,UK,FTSE 100,Health care equipment & supplies,,
SNR.L,Senior,UK,FTSE 250,Aerospace & Defence,,
SOI.L,Schroder Oriental Income Fund,UK,FTSE 250,Financial Services,,
SPI.L,Spire Healthcare,UK,FTSE 250,Health Care Equipment & Services,,
SPX.L,Spirax Group,UK,FTSE 100,Industrial engineering,,
SRE.L,Sirius Real Estate,UK,FTSE 250,Real Estate,,
SRP.L,Serco,UK,FTSE 250,Support Services,,
SSE.L,SSE plc,UK,FTSE 100,Electrical utilities & independent power producers,,
SSIT.L,Seraphim Space Investment Trust,UK,FTSE 250,Investment Trusts,,
SSPG.L,SSP Group,UK,FTSE 250,Retailers,,
STAN.L,Standard Chartered,UK,FTSE 100,Banks,,
STJ.L,St. James's Place,UK,FTSE 100,Financial services,,
SUPR.L,Supermarket Income REIT,UK,FTSE 250,Real Estate Investment Trusts,,
SVS.L,Savills,UK,FTSE 250,Real Estate Investment & Services,,
SVT.L,Severn Trent,UK,FTSE 100,Multiline utilities,,
SYNC.L,Syncona,UK,FTSE 250,Pharmaceuticals & Biotechnology,,
TATE.L,Tate & Lyle,UK,FTSE 250,Food Producers,,
TBCG.L,TBC Bank,UK,FTSE 250,Banks,,
TCAP.L,TP ICAP,UK,FTSE 250,Support Services,,
TEM.L,Templeton Emerging Markets Investment Trust,UK,FTSE 250,Investment Trusts,,
TEP.L,Telecom Plus,UK,FTSE 250,Telecomms,,
TFIF.L,Twentyfour Income Fund,UK,FTSE 250,Investment Trusts,,
THG.L,THG,UK,FTSE 250,Personal Products,,
THRL.L,Target Healthcare REIT,UK,FTSE 250,Real Estate Investment Trusts,,
TMPL.L,Temple Bar Investment Trust,UK,FTSE 250,Collective Investments,,
TPK.L,Travis Perkins,UK,FTSE 250,Support Services,,
TRIG.L,The Renewables Infrastructure Group,UK,FTSE 250,Investment Trusts,,
TRN.L,Trainline,UK,FTSE 250,Industrial Transportation,,
TRST.L,Trustpilot,UK,FTSE 250,Technology,,
TRY.L,TR Property Investment Trust,UK,FTSE 250,Investment Trusts,,
TSCO.L,Tesco,UK,FTSE 100,Food & drug retailing,,
TW.L,Taylor Wimpey,UK,FTSE 250,Household goods & home construction,,
UEM.L,Utilico Emerging Markets,UK,FTSE 250,Investment Trusts,,
UKW.L,Greencoat UK Wind,UK,FTSE 250,"Gas, Water & Multiutilities",,
ULVR.L,Unilever,UK,FTSE 100,Personal goods,,
USA.L,Baillie Gifford US Growth Trust,UK,FTSE 250,Investment Trusts,,
UTG.L,Unite Group,UK,FTSE 250,Real estate investment trusts,,
UU.L,United Utilities,UK,FTSE 100,Multiline utilities,,
VCT.L,Victrex,UK,FTSE 250,Chemicals,,
VEIL.L,Vietnam Enterprise Investments,UK,FTSE 250,General Financial,,
VOD.L,Vodafone Group,UK,FTSE 100,Mobile telecommunications,,
VOF.L,VinaCapital Vietnam Opportunity Fund,UK,FTSE 250,General Financial,,
VSVS.L,Vesuvius,UK,FTSE 250,General Industrials,,
VTY.L,Vistry Group,UK,FTSE 250,Home Construction,,
WEIR.L,Weir,UK,FTSE 100,Industrial goods and services,,
WIX.L,Wickes,UK,FTSE 250,Retailers,,
WIZZ.L,Wizz Air,UK,FTSE 250,Travel & Leisure,,
WKP.L,Workspace Group,UK,FTSE 250,Real Estate Investment Trusts,,
WOSG.L,Watches of Switzerland,UK,FTSE 250,Personal Goods,,
WPP.L,WPP,UK,FTSE 250,Media,,
WTB.L,Whitbread,UK,FTSE 100,Retail hospitality,,
WWH.L,Worldwide Healthcare Trust,UK,FTSE 250,Investment Trusts,,
XPP.L,XP Power,UK,FTSE 250,Industrial Goods and Services,,
XPS.L,XPS Pensions,UK,FTSE 250,Financial Services,,
ZIG.L,Zigup,UK,FTSE 250,Support Services,,
A,Agilent Technologies,USA,S&P 500,Health Care,,
AAPL,Apple Inc.,USA,S&P 500,Information Technology,,
ABBV,AbbVie,USA,S&P 500,Health Care,,
ABNB,Airbnb,USA,S&P 500,Consumer Discretionary,,
ABT,Abbott Laboratories,USA,S&P 500,Health Care,,
ACGL,Arch Capital Group,USA,S&P 500,Financials,,
ACN,Accenture,USA,S&P 500,Information Technology,,
ADBE,Adobe Inc.,USA,S&P 500,Information Technology,,
ADI,Analog Devices,USA,S&P 500,Information Technology,,
ADM,Archer Daniels Midland,USA,S&P 500,Consumer Staples,,
ADP,Automatic Data Processing,USA,S&P 500,Industrials,,
ADSK,Autodesk,USA,S&P 500,Information Technology,,
AEE,Ameren,USA,S&P 500,Utilities,,
AEP,American Electric Power,USA,S&P 500,Utilities,,
AES,AES Corporation,USA,S&P 500,Utilities,,
AFL,Aflac,USA,S&P 500,Financials,,
AIG,American International Group,USA,S&P 500,Financials,,
AIZ,Assurant,USA,S&P 500,Financials,,
AJG,Arthur J. Gallagher & Co.,USA,S&P 500,Financials,,
AKAM,Akamai Technologies,USA,S&P 500,Information Technology,,
ALB,Albemarle Corporation,USA,S&P 500,Materials,,
ALGN,Align Technology,USA,S&P 500,Health Care,,
ALL,Allstate,USA,S&P 500,Financials,,
ALLE,Allegion,USA,S&P 500,Industrials,,
AMAT,Applied Materials,USA,S&P 500,Information Technology,,
AMCR,Amcor,USA,S&P 500,Materials,,
AMD,Advanced Micro Devices,USA,S&P 500,Information Technology,,
AME,Ametek,USA,S&P 500,Industrials,,
AMGN,Amgen,USA,S&P 500,Health Care,,
AMP,Ameriprise Financial,USA,S&P 500,Financials,,
AMT,American Tower,USA,S&P 500,Real Estate,,
AMZN,Amazon,USA,S&P 500,Consumer Discretionary,,
ANET,Arista Networks,USA,S&P 500,Information Technology,,
AON,Aon plc,USA,S&P 500,Financials,,
AOS,A. O. Smith,USA,S&P 500,Industrials,,
APA,APA Corporation,USA,S&P 500,Energy,,
APD,Air Products,USA,S&P 500,Materials,,
APH,Amphenol,USA,S&P 500,Information Technology,,
APO,Apollo Global Management,USA,S&P 500,Financials,,
APP,AppLovin,USA,S&P 500,Communication Services,,
APTV,Aptiv,USA,S&P 500,Consumer Discretionary,,
ARE,Alexandria Real Estate Equities,USA,S&P 500,Real Estate,,
ARES,Ares Management,USA,S&P 500,Financials,,
ATO,Atmos Energy,USA,S&P 500,Utilities,,
AVGO,Broadcom,USA,S&P 500,Information Technology,,
AVY,Avery Dennison,USA,S&P 500,Materials,,
AWK,American Water Works,USA,S&P 500,Utilities,,
AXON,Axon Enterprise,USA,S&P 500,Industrials,,
AXP,American Express,USA,S&P 500,Financials,,
AZO,AutoZone,USA,S&P 500,Consumer Discretionary,,
BA,Boeing,USA,S&P 500,Industrials,,
BAC,Bank of America,USA,S&P 500,Financials,,
BALL,Ball Corporation,USA,S&P 500,Materials,,
BAX,Baxter International,USA,S&P 500,Health Care,,
BBY,Best Buy,USA,S&P 500,Consumer Discretionary,,
BDX,Becton Dickinson,USA,S&P 500,Health Care,,
BEN,Franklin Resources,USA,S&P 500,Financials,,
BF-B,Brown–Forman,USA,S&P 500,Consumer Staples,,
BG,Bunge Global,USA,S&P 500,Consumer Staples,,
BIIB,Biogen,USA,S&P 500,Health Care,,
BKNG,Booking Holdings,USA,S&P 500,Consumer Discretionary,,
BKR,Baker Hughes,USA,S&P 500,Energy,,
BLDR,Builders FirstSource,USA,S&P 500,Industrials,,
BLK,BlackRock,USA,S&P 500,Financials,,
BMY,Bristol Myers Squibb,USA,S&P 500,Health Care,,
BNY,BNY Mellon,USA,S&P 500,Financials,,
BR,Broadridge Financial Solutions,USA,S&P 500,Industrials,,
BRK-B,Berkshire Hathaway,USA,S&P 500,Financials,,
BRO,Brown & Brown,USA,S&P 500,Financials,,
BSX,Boston Scientific,USA,S&P 500,Health Care,,
BX,Blackstone Inc.,USA,S&P 500,Financials,,
BXP,"BXP, Inc.",USA,S&P 500,Real Estate,,
C,Citigroup,USA,S&P 500,Financials,,
CAH,Cardinal Health,USA,S&P 500,Health Care,,
CARR,Carrier Global,USA,S&P 500,Industrials,,
CASY,Casey's,USA,S&P 500,Consumer Staples,,
CAT,Caterpillar Inc.,USA,S&P 500,Industrials,,
CB,Chubb Limited,USA,S&P 500,Financials,,
CBOE,Cboe Global Markets,USA,S&P 500,Financials,,
CBRE,CBRE Group,USA,S&P 500,Real Estate,,
CCI,Crown Castle,USA,S&P 500,Real Estate,,
CCL,Carnival Corporation,USA,S&P 500,Consumer Discretionary,,
CDNS,Cadence Design Systems,USA,S&P 500,Information Technology,,
CDW,CDW Corporation,USA,S&P 500,Information Technology,,
CEG,Constellation Energy,USA,S&P 500,Utilities,,
CF,CF Industries,USA,S&P 500,Materials,,
CFG,Citizens Financial Group,USA,S&P 500,Financials,,
CHD,Church & Dwight,USA,S&P 500,Consumer Staples,,
CHRW,C.H. Robinson,USA,S&P 500,Industrials,,
CHTR,Charter Communications,USA,S&P 500,Communication Services,,
CI,Cigna,USA,S&P 500,Health Care,,
CIEN,Ciena,USA,S&P 500,Information Technology,,
CINF,Cincinnati Financial,USA,S&P 500,Financials,,
CL,Colgate-Palmolive,USA,S&P 500,Consumer Staples,,
CLX,Clorox,USA,S&P 500,Consumer Staples,,
CMCSA,Comcast,USA,S&P 500,Communication Services,,
CME,CME Group,USA,S&P 500,Financials,,
CMG,Chipotle Mexican Grill,USA,S&P 500,Consumer Discretionary,,
CMI,Cummins,USA,S&P 500,Industrials,,
CMS,CMS Energy,USA,S&P 500,Utilities,,
CNC,Centene Corporation,USA,S&P 500,Health Care,,
CNP,CenterPoint Energy,USA,S&P 500,Utilities,,
COF,Capital One,USA,S&P 500,Financials,,
COHR,Coherent Corp.,USA,S&P 500,Information Technology,,
COIN,Coinbase,USA,S&P 500,Financials,,
COO,Cooper Companies (The),USA,S&P 500,Health Care,,
COP,ConocoPhillips,USA,S&P 500,Energy,,
COR,Cencora,USA,S&P 500,Health Care,,
COST,Costco,USA,S&P 500,Consumer Staples,,
CPAY,Corpay,USA,S&P 500,Financials,,
CPRT,Copart,USA,S&P 500,Industrials,,
CPT,Camden Property Trust,USA,S&P 500,Real Estate,,
CRH,CRH plc,USA,S&P 500,Materials,,
CRL,Charles River Laboratories,USA,S&P 500,Health Care,,
CRM,Salesforce,USA,S&P 500,Information Technology,,
CRWD,CrowdStrike,USA,S&P 500,Information Technology,,
CSCO,Cisco,USA,S&P 500,Information Technology,,
CSGP,CoStar Group,USA,S&P 500,Real Estate,,
CSX,CSX Corporation,USA,S&P 500,Industrials,,
CTAS,Cintas,USA,S&P 500,Industrials,,
CTSH,Cognizant,USA,S&P 500,Information Technology,,
CTVA,Corteva,USA,S&P 500,Materials,,
CVNA,Carvana,USA,S&P 500,Consumer Discretionary,,
CVS,CVS Health,USA,S&P 500,Health Care,,
CVX,Chevron Corporation,USA,S&P 500,Energy,,
D,Dominion Energy,USA,S&P 500,Utilities,,
DAL,Delta Air Lines,USA,S&P 500,Industrials,,
DASH,DoorDash,USA,S&P 500,Consumer Discretionary,,
DD,DuPont,USA,S&P 500,Industrials,,
DDOG,Datadog,USA,S&P 500,Information Technology,,
DE,Deere & Company,USA,S&P 500,Industrials,,
DECK,Deckers Brands,USA,S&P 500,Consumer Discretionary,,
DELL,Dell Technologies,USA,S&P 500,Information Technology,,
DG,Dollar General,USA,S&P 500,Consumer Staples,,
DGX,Quest Diagnostics,USA,S&P 500,Health Care,,
DHI,D. R. Horton,USA,S&P 500,Consumer Discretionary,,
DHR,Danaher Corporation,USA,S&P 500,Health Care,,
DIS,Walt Disney Company (The),USA,S&P 500,Communication Services,,
DLR,Digital Realty,USA,S&P 500,Real Estate,,
DLTR,Dollar Tree,USA,S&P 500,Consumer Staples,,
DOC,Healthpeak Properties,USA,S&P 500,Real Estate,,
DOV,Dover Corporation,USA,S&P 500,Industrials,,
DOW,Dow Inc.,USA,S&P 500,Materials,,
DPZ,Domino's,USA,S&P 500,Consumer Discretionary,,
DRI,Darden Restaurants,USA,S&P 500,Consumer Discretionary,,
DTE,DTE Energy,USA,S&P 500,Utilities,,
DUK,Duke Energy,USA,S&P 500,Utilities,,
DVA,DaVita,USA,S&P 500,Health Care,,
DVN,Devon Energy,USA,S&P 500,Energy,,
DXCM,Dexcom,USA,S&P 500,Health Care,,
EBAY,eBay Inc.,USA,S&P 500,Consumer Discretionary,,
ECHO,EchoStar,USA,S&P 500,Communication Services,,
ECL,Ecolab,USA,S&P 500,Materials,,
ED,Consolidated Edison,USA,S&P 500,Utilities,,
EFX,Equifax,USA,S&P 500,Industrials,,
EG,Everest Group,USA,S&P 500,Financials,,
EIX,Edison International,USA,S&P 500,Utilities,,
EL,Estée Lauder Companies (The),USA,S&P 500,Consumer Staples,,
ELV,Elevance Health,USA,S&P 500,Health Care,,
EME,Emcor,USA,S&P 500,Industrials,,
EMR,Emerson Electric,USA,S&P 500,Industrials,,
EOG,EOG Resources,USA,S&P 500,Energy,,
EQIX,Equinix,USA,S&P 500,Real Estate,,
EQT,EQT Corporation,USA,S&P 500,Energy,,
ERIE,Erie Indemnity,USA,S&P 500,Financials,,
ES,Eversource Energy,USA,S&P 500,Utilities,,
ESS,Essex Property Trust,USA,S&P 500,Real Estate,,
ETN,Eaton Corporation,USA,S&P 500,Industrials,,
ETR,Entergy,USA,S&P 500,Utilities,,
EVRG,Evergy,USA,S&P 500,Utilities,,
EW,Edwards Lifesciences,USA,S&P 500,Health Care,,
EXC,Exelon,USA,S&P 500,Utilities,,
EXE,Expand Energy,USA,S&P 500,Energy,,
EXPD,Expeditors International,USA,S&P 500,Industrials,,
EXPE,Expedia Group,USA,S&P 500,Consumer Discretionary,,
EXR,Extra Space Storage,USA,S&P 500,Real Estate,,
F,Ford Motor Company,USA,S&P 500,Consumer Discretionary,,
FANG,Diamondback Energy,USA,S&P 500,Energy,,
FAST,Fastenal,USA,S&P 500,Industrials,,
FCX,Freeport-McMoRan,USA,S&P 500,Materials,,
FDS,FactSet,USA,S&P 500,Financials,,
FDX,FedEx,USA,S&P 500,Industrials,,
FDXF,FedEx Freight,USA,S&P 500,Industrials,,
FE,FirstEnergy,USA,S&P 500,Utilities,,
FERG,Ferguson Enterprises,USA,S&P 500,Industrials,,
FFIV,"F5, Inc.",USA,S&P 500,Information Technology,,
FICO,Fair Isaac,USA,S&P 500,Information Technology,,
FIS,Fidelity National Information Services,USA,S&P 500,Financials,,
FISV,Fiserv,USA,S&P 500,Financials,,
FITB,Fifth Third Bancorp,USA,S&P 500,Financials,,
FIX,Comfort Systems USA,USA,S&P 500,Industrials,,
FLEX,Flex Ltd.,USA,S&P 500,Information Technology,,
FOX,Fox Corporation (Class B),USA,S&P 500,Communication Services,,
FOXA,Fox Corporation (Class A),USA,S&P 500,Communication Services,,
FRT,Federal Realty Investment Trust,USA,S&P 500,Real Estate,,
FSLR,First Solar,USA,S&P 500,Information Technology,,
FTNT,Fortinet,USA,S&P 500,Information Technology,,
FTV,Fortive,USA,S&P 500,Industrials,,
GD,General Dynamics,USA,S&P 500,Industrials,,
GDDY,GoDaddy,USA,S&P 500,Information Technology,,
GE,GE Aerospace,USA,S&P 500,Industrials,,
GEHC,GE HealthCare,USA,S&P 500,Health Care,,
GEN,Gen Digital,USA,S&P 500,Information Technology,,
GEV,GE Vernova,USA,S&P 500,Industrials,,
GILD,Gilead Sciences,USA,S&P 500,Health Care,,
GIS,General Mills,USA,S&P 500,Consumer Staples,,
GL,Globe Life,USA,S&P 500,Financials,,
GLW,Corning Inc.,USA,S&P 500,Information Technology,,
GM,General Motors,USA,S&P 500,Consumer Discretionary,,
GNRC,Generac,USA,S&P 500,Industrials,,
GOOG,Alphabet Inc. (Class C),USA,S&P 500,Communication Services,,
GOOGL,Alphabet Inc. (Class A),USA,S&P 500,Communication Services,,
GPC,Genuine Parts Company,USA,S&P 500,Consumer Discretionary,,
GPN,Global Payments,USA,S&P 500,Financials,,
GRMN,Garmin,USA,S&P 500,Consumer Discretionary,,
GS,Goldman Sachs,USA,S&P 500,Financials,,
GWW,W. W. Grainger,USA,S&P 500,Industrials,,
HAL,Halliburton,USA,S&P 500,Energy,,
HAS,Hasbro,USA,S&P 500,Consumer Discretionary,,
HBAN,Huntington Bancshares,USA,S&P 500,Financials,,
HCA,HCA Healthcare,USA,S&P 500,Health Care,,
HD,Home Depot (The),USA,S&P 500,Consumer Discretionary,,
HIG,Hartford (The),USA,S&P 500,Financials,,
HII,Huntington Ingalls Industries,USA,S&P 500,Industrials,,
HLT,Hilton Worldwide,USA,S&P 500,Consumer Discretionary,,
HON,Honeywell Technologies,USA,S&P 500,Industrials,,
HONA,Honeywell Aerospace,USA,S&P 500,Industrials,,
HOOD,Robinhood Markets,USA,S&P 500,Financials,,
HPE,Hewlett Packard Enterprise,USA,S&P 500,Information Technology,,
HPQ,HP Inc.,USA,S&P 500,Information Technology,,
HRL,Hormel Foods,USA,S&P 500,Consumer Staples,,
HSIC,Henry Schein,USA,S&P 500,Health Care,,
HST,Host Hotels & Resorts,USA,S&P 500,Real Estate,,
HSY,Hershey Company (The),USA,S&P 500,Consumer Staples,,
HUBB,Hubbell Incorporated,USA,S&P 500,Industrials,,
HUM,Humana,USA,S&P 500,Health Care,,
HWM,Howmet Aerospace,USA,S&P 500,Industrials,,
IBKR,Interactive Brokers,USA,S&P 500,Financials,,
IBM,IBM,USA,S&P 500,Information Technology,,
ICE,Intercontinental Exchange,USA,S&P 500,Financials,,
IDXX,Idexx Laboratories,USA,S&P 500,Health Care,,
IEX,IDEX Corporation,USA,S&P 500,Industrials,,
IFF,International Flavors & Fragrances,USA,S&P 500,Materials,,
INCY,Incyte,USA,S&P 500,Health Care,,
INTC,Intel,USA,S&P 500,Information Technology,,
INTU,Intuit,USA,S&P 500,Information Technology,,
INVH,Invitation Homes,USA,S&P 500,Real Estate,,
IP,International Paper,USA,S&P 500,Materials,,
IQV,IQVIA,USA,S&P 500,Health Care,,
IR,Ingersoll Rand,USA,S&P 500,Industrials,,
IRM,Iron Mountain,USA,S&P 500,Real Estate,,
ISRG,Intuitive Surgical,USA,S&P 500,Health Care,,
IT,Gartner,USA,S&P 500,Information Technology,,
ITW,Illinois Tool Works,USA,S&P 500,Industrials,,
IVZ,Invesco,USA,S&P 500,Financials,,
J,Jacobs Solutions,USA,S&P 500,Industrials,,
JBHT,J.B. Hunt,USA,S&P 500,Industrials,,
JBL,Jabil,USA,S&P 500,Information Technology,,
JCI,Johnson Controls,USA,S&P 500,Industrials,,
JKHY,Jack Henry & Associates,USA,S&P 500,Financials,,
JNJ,Johnson & Johnson,USA,S&P 500,Health Care,,
JPM,JPMorgan Chase,USA,S&P 500,Financials,,
KDP,Keurig Dr Pepper,USA,S&P 500,Consumer Staples,,
KEY,KeyCorp,USA,S&P 500,Financials,,
KEYS,Keysight Technologies,USA,S&P 500,Information Technology,,
KHC,Kraft Heinz,USA,S&P 500,Consumer Staples,,
KIM,Kimco Realty,USA,S&P 500,Real Estate,,
KKR,KKR & Co.,USA,S&P 500,Financials,,
KLAC,KLA Corporation,USA,S&P 500,Information Technology,,
KMB,Kimberly-Clark,USA,S&P 500,Consumer Staples,,
KMI,Kinder Morgan,USA,S&P 500,Energy,,
KO,Coca-Cola Company (The),USA,S&P 500,Consumer Staples,,
KR,Kroger,USA,S&P 500,Consumer Staples,,
KVUE,Kenvue,USA,S&P 500,Consumer Staples,,
L,Loews Corporation,USA,S&P 500,Financials,,
LDOS,Leidos,USA,S&P 500,Industrials,,
LEN,Lennar,USA,S&P 500,Consumer Discretionary,,
LH,Labcorp,USA,S&P 500,Health Care,,
LHX,L3Harris,USA,S&P 500,Industrials,,
LII,Lennox International,USA,S&P 500,Industrials,,
LIN,Linde plc,USA,S&P 500,Materials,,
LITE,Lumentum,USA,S&P 500,Information Technology,,
LLY,Lilly (Eli),USA,S&P 500,Health Care,,
LMT,Lockheed Martin,USA,S&P 500,Industrials,,
LNT,Alliant Energy,USA,S&P 500,Utilities,,
LOW,Lowe's,USA,S&P 500,Consumer Discretionary,,
LRCX,Lam Research,USA,S&P 500,Information Technology,,
LULU,Lululemon Athletica,USA,S&P 500,Consumer Discretionary,,
LUV,Southwest Airlines,USA,S&P 500,Industrials,,
LVS,Las Vegas Sands,USA,S&P 500,Consumer Discretionary,,
LYB,LyondellBasell,USA,S&P 500,Materials,,
LYV,Live Nation Entertainment,USA,S&P 500,Communication Services,,
MA,Mastercard,USA,S&P 500,Financials,,
MAA,Mid-America Apartment Communities,USA,S&P 500,Real Estate,,
MAR,Marriott International,USA,S&P 500,Consumer Discretionary,,
MAS,Masco,USA,S&P 500,Industrials,,
MCD,McDonald's,USA,S&P 500,Consumer Discretionary,,
MCHP,Microchip Technology,USA,S&P 500,Information Technology,,
MCK,McKesson Corporation,USA,S&P 500,Health Care,,
MCO,Moody's Corporation,USA,S&P 500,Financials,,
MDLZ,Mondelez International,USA,S&P 500,Consumer Staples,,
MDT,Medtronic,USA,S&P 500,Health Care,,
MET,MetLife,USA,S&P 500,Financials,,
META,Meta Platforms,USA,S&P 500,Communication Services,,
MGM,MGM Resorts,USA,S&P 500,Consumer Discretionary,,
MKC,McCormick & Company,USA,S&P 500,Consumer Staples,,
MLM,Martin Marietta Materials,USA,S&P 500,Materials,,
MMM,3M,USA,S&P 500,Industrials,,
MNST,Monster Beverage,USA,S&P 500,Consumer Staples,,
MO,Altria,USA,S&P 500,Consumer Staples,,
MOS,Mosaic Company (The),USA,S&P 500,Materials,,
MPC,Marathon Petroleum,USA,S&P 500,Energy,,
MPWR,Monolithic Power Systems,USA,S&P 500,Information Technology,,
MRK,Merck & Co.,USA,S&P 500,Health Care,,
MRNA,Moderna,USA,S&P 500,Health Care,,
MRSH,Marsh McLennan,USA,S&P 500,Financials,,
MRVL,Marvell Technology,USA,S&P 500,Information Technology,,
MS,Morgan Stanley,USA,S&P 500,Financials,,
MSCI,MSCI,USA,S&P 500,Financials,,
MSFT,Microsoft,USA,S&P 500,Information Technology,,
MSI,Motorola Solutions,USA,S&P 500,Information Technology,,
MTB,M&T Bank,USA,S&P 500,Financials,,
MTD,Mettler Toledo,USA,S&P 500,Health Care,,
MU,Micron Technology,USA,S&P 500,Information Technology,,
NCLH,Norwegian Cruise Line Holdings,USA,S&P 500,Consumer Discretionary,,
NDAQ,"Nasdaq, Inc.",USA,S&P 500,Financials,,
NDSN,Nordson Corporation,USA,S&P 500,Industrials,,
NEE,NextEra Energy,USA,S&P 500,Utilities,,
NEM,Newmont,USA,S&P 500,Materials,,
NFLX,Netflix,USA,S&P 500,Communication Services,,
NI,NiSource,USA,S&P 500,Utilities,,
NKE,"Nike, Inc.",USA,S&P 500,Consumer Discretionary,,
NOC,Northrop Grumman,USA,S&P 500,Industrials,,
NOW,ServiceNow,USA,S&P 500,Information Technology,,
NRG,NRG Energy,USA,S&P 500,Utilities,,
NSC,Norfolk Southern,USA,S&P 500,Industrials,,
NTAP,NetApp,USA,S&P 500,Information Technology,,
NTRS,Northern Trust,USA,S&P 500,Financials,,
NUE,Nucor,USA,S&P 500,Materials,,
NVDA,Nvidia,USA,S&P 500,Information Technology,,
NVR,"NVR, Inc.",USA,S&P 500,Consumer Discretionary,,
NWS,News Corp (Class B),USA,S&P 500,Communication Services,,
NWSA,News Corp (Class A),USA,S&P 500,Communication Services,,
NXPI,NXP Semiconductors,USA,S&P 500,Information Technology,,
O,Realty Income,USA,S&P 500,Real Estate,,
ODFL,Old Dominion,USA,S&P 500,Industrials,,
OKE,Oneok,USA,S&P 500,Energy,,
OMC,Omnicom Group,USA,S&P 500,Communication Services,,
ON,ON Semiconductor,USA,S&P 500,Information Technology,,
ORCL,Oracle Corporation,USA,S&P 500,Information Technology,,
ORLY,O'Reilly Automotive,USA,S&P 500,Consumer Discretionary,,
OTIS,Otis Worldwide,USA,S&P 500,Industrials,,
OXY,Occidental Petroleum,USA,S&P 500,Energy,,
PANW,Palo Alto Networks,USA,S&P 500,Information Technology,,
PAYX,Paychex,USA,S&P 500,Industrials,,
PCAR,Paccar,USA,S&P 500,Industrials,,
PCG,PG&E Corporation,USA,S&P 500,Utilities,,
PEG,Public Service Enterprise Group,USA,S&P 500,Utilities,,
PEP,PepsiCo,USA,S&P 500,Consumer Staples,,
PFE,Pfizer,USA,S&P 500,Health Care,,
PFG,Principal Financial Group,USA,S&P 500,Financials,,
PG,Procter & Gamble,USA,S&P 500,Consumer Staples,,
PGR,Progressive Corporation,USA,S&P 500,Financials,,
PH,Parker Hannifin,USA,S&P 500,Industrials,,
PHM,PulteGroup,USA,S&P 500,Consumer Discretionary,,
PKG,Packaging Corporation of America,USA,S&P 500,Materials,,
PLD,Prologis,USA,S&P 500,Real Estate,,
PLTR,Palantir Technologies,USA,S&P 500,Information Technology,,
PM,Philip Morris International,USA,S&P 500,Consumer Staples,,
PNC,PNC Financial Services,USA,S&P 500,Financials,,
PNR,Pentair,USA,S&P 500,Industrials,,
PNW,Pinnacle West Capital,USA,S&P 500,Utilities,,
PODD,Insulet Corporation,USA,S&P 500,Health Care,,
PPG,PPG Industries,USA,S&P 500,Materials,,
PPL,PPL Corporation,USA,S&P 500,Utilities,,
PRU,Prudential Financial,USA,S&P 500,Financials,,
PSA,Public Storage,USA,S&P 500,Real Estate,,
PSKY,Paramount Skydance Corporation,USA,S&P 500,Communication Services,,
PSX,Phillips 66,USA,S&P 500,Energy,,
PTC,PTC Inc.,USA,S&P 500,Information Technology,,
PWR,Quanta Services,USA,S&P 500,Industrials,,
PYPL,PayPal,USA,S&P 500,Financials,,
Q,Qnity Electronics,USA,S&P 500,Information Technology,,
QCOM,Qualcomm,USA,S&P 500,Information Technology,,
RCL,Royal Caribbean Group,USA,S&P 500,Consumer Discretionary,,
RDDT,Reddit,USA,S&P 500,Communication Services,,
REG,Regency Centers,USA,S&P 500,Real Estate,,
REGN,Regeneron Pharmaceuticals,USA,S&P 500,Health Care,,
RF,Regions Financial Corporation,USA,S&P 500,Financials,,
RJF,Raymond James Financial,USA,S&P 500,Financials,,
RL,Ralph Lauren Corporation,USA,S&P 500,Consumer Discretionary,,
RMD,ResMed|,USA,S&P 500,Health Care,,
ROK,Rockwell Automation,USA,S&P 500,Industrials,,
ROL,"Rollins, Inc.",USA,S&P 500,Industrials,,
ROP,Roper Technologies,USA,S&P 500,Information Technology,,
ROST,Ross Stores,USA,S&P 500,Consumer Discretionary,,
RSG,Republic Services,USA,S&P 500,Industrials,,
RTX,RTX Corporation,USA,S&P 500,Industrials,,
RVTY,Revvity,USA,S&P 500,Health Care,,
SBAC,SBA Communications,USA,S&P 500,Real Estate,,
SBUX,Starbucks,USA,S&P 500,Consumer Discretionary,,
SCHW,Charles Schwab Corporation,USA,S&P 500,Financials,,
SHW,Sherwin-Williams,USA,S&P 500,Materials,,
SJM,J.M. Smucker Company (The),USA,S&P 500,Consumer Staples,,
SLB,Schlumberger,USA,S&P 500,Energy,,
SMCI,Supermicro,USA,S&P 500,Information Technology,,
SNA,Snap-on,USA,S&P 500,Industrials,,
SNDK,Sandisk,USA,S&P 500,Information Technology,,
SNPS,Synopsys,USA,S&P 500,Information Technology,,
SO,Southern Company,USA,S&P 500,Utilities,,
SOLV,Solventum,USA,S&P 500,Health Care,,
SPG,Simon Property Group,USA,S&P 500,Real Estate,,
SPGI,S&P Global,USA,S&P 500,Financials,,
SRE,Sempra,USA,S&P 500,Utilities,,
STE,Steris,USA,S&P 500,Health Care,,
STLD,Steel Dynamics,USA,S&P 500,Materials,,
STT,State Street Corporation,USA,S&P 500,Financials,,
STX,Seagate Technology,USA,S&P 500,Information Technology,,
STZ,Constellation Brands,USA,S&P 500,Consumer Staples,,
SW,Smurfit Westrock,USA,S&P 500,Materials,,
SWK,Stanley Black & Decker,USA,S&P 500,Industrials,,
SWKS,Skyworks Solutions,USA,S&P 500,Information Technology,,
SYF,Synchrony Financial,USA,S&P 500,Financials,,
SYK,Stryker Corporation,USA,S&P 500,Health Care,,
SYY,Sysco,USA,S&P 500,Consumer Staples,,
T,AT&T,USA,S&P 500,Communication Services,,
TAP,Molson Coors Beverage Company,USA,S&P 500,Consumer Staples,,
TDG,TransDigm Group,USA,S&P 500,Industrials,,
TDY,Teledyne Technologies,USA,S&P 500,Information Technology,,
TECH,Bio-Techne,USA,S&P 500,Health Care,,
TEL,TE Connectivity,USA,S&P 500,Information Technology,,
TER,Teradyne,USA,S&P 500,Information Technology,,
TFC,Truist Financial,USA,S&P 500,Financials,,
TGT,Target Corporation,USA,S&P 500,Consumer Staples,,
TJX,TJX Companies,USA,S&P 500,Consumer Discretionary,,
TKO,TKO Group Holdings,USA,S&P 500,Communication Services,,
TMO,Thermo Fisher Scientific,USA,S&P 500,Health Care,,
TMUS,T-Mobile US,USA,S&P 500,Communication Services,,
TPL,Texas Pacific Land Corporation,USA,S&P 500,Energy,,
TPR,"Tapestry, Inc.",USA,S&P 500,Consumer Discretionary,,
TRGP,Targa Resources,USA,S&P 500,Energy,,
TRMB,Trimble Inc.,USA,S&P 500,Information Technology,,
TROW,T. Rowe Price,USA,S&P 500,Financials,,
TRV,Travelers Companies (The),USA,S&P 500,Financials,,
TSCO,Tractor Supply,USA,S&P 500,Consumer Discretionary,,
TSLA,"Tesla, Inc.",USA,S&P 500,Consumer Discretionary,,
TSN,Tyson Foods,USA,S&P 500,Consumer Staples,,
TT,Trane Technologies,USA,S&P 500,Industrials,,
TTD,Trade Desk (The),USA,S&P 500,Communication Services,,
TTWO,Take-Two Interactive,USA,S&P 500,Communication Services,,
TXN,Texas Instruments,USA,S&P 500,Information Technology,,
TXT,Textron,USA,S&P 500,Industrials,,
TYL,Tyler Technologies,USA,S&P 500,Information Technology,,
UAL,United Airlines Holdings,USA,S&P 500,Industrials,,
UBER,Uber,USA,S&P 500,Industrials,,
UDR,"UDR, Inc.",USA,S&P 500,Real Estate,,
UHS,Universal Health Services,USA,S&P 500,Health Care,,
ULTA,Ulta Beauty,USA,S&P 500,Consumer Discretionary,,
UNH,UnitedHealth Group,USA,S&P 500,Health Care,,
UNP,Union Pacific Corporation,USA,S&P 500,Industrials,,
UPS,United Parcel Service,USA,S&P 500,Industrials,,
URI,United Rentals,USA,S&P 500,Industrials,,
USB,U.S. Bancorp,USA,S&P 500,Financials,,
V,Visa Inc.,USA,S&P 500,Financials,,
VEEV,Veeva Systems,USA,S&P 500,Health Care,,
VICI,Vici Properties,USA,S&P 500,Real Estate,,
VLO,Valero Energy,USA,S&P 500,Energy,,
VLTO,Veralto,USA,S&P 500,Industrials,,
VMC,Vulcan Materials Company,USA,S&P 500,Materials,,
VMRK,Vivmark Residential,USA,S&P 500,Real Estate,,
VRSK,Verisk Analytics,USA,S&P 500,Industrials,,
VRSN,Verisign,USA,S&P 500,Information Technology,,
VRT,Vertiv,USA,S&P 500,Industrials,,
VRTX,Vertex Pharmaceuticals,USA,S&P 500,Health Care,,
VST,Vistra Corp.,USA,S&P 500,Utilities,,
VTR,Ventas,USA,S&P 500,Real Estate,,
VTRS,Viatris,USA,S&P 500,Health Care,,
VZ,Verizon,USA,S&P 500,Communication Services,,
WAB,Wabtec,USA,S&P 500,Industrials,,
WAT,Waters Corporation,USA,S&P 500,Health Care,,
WBD,Warner Bros. Discovery,USA,S&P 500,Communication Services,,
WDAY,"Workday, Inc.",USA,S&P 500,Information Technology,,
WDC,Western Digital,USA,S&P 500,Information Technology,,
WEC,WEC Energy Group,USA,S&P 500,Utilities,,
WELL,Welltower,USA,S&P 500,Real Estate,,
WFC,Wells Fargo,USA,S&P 500,Financials,,
WM,Waste Management,USA,S&P 500,Industrials,,
WMB,Williams Companies,USA,S&P 500,Energy,,
WMT,Walmart,USA,S&P 500,Consumer Staples,,
WRB,W. R. Berkley Corporation,USA,S&P 500,Financials,,
WSM,"Williams-Sonoma, Inc.",USA,S&P 500,Consumer Discretionary,,
WST,West Pharmaceutical Services,USA,S&P 500,Health Care,,
WTW,Willis Towers Watson,USA,S&P 500,Financials,,
WY,Weyerhaeuser,USA,S&P 500,Real Estate,,
WYNN,Wynn Resorts,USA,S&P 500,Consumer Discretionary,,
XEL,Xcel Energy,USA,S&P 500,Utilities,,
XOM,ExxonMobil,USA,S&P 500,Energy,,
XYL,Xylem Inc.,USA,S&P 500,Industrials,,
XYZ,"Block, Inc.",USA,S&P 500,Financials,,
YUM,Yum! Brands,USA,S&P 500,Consumer Discretionary,,
ZBH,Zimmer Biomet,USA,S&P 500,Health Care,,
ZBRA,Zebra Technologies,USA,S&P 500,Information Technology,,
ZTS,Zoetis,USA,S&P 500,Health Care,,
